"gene","symbol"
"AT1G04330","HRML1"
"AT1G04770","SDI2"
"AT1G05680","UGT74E2"
"AT1G06830","CEPD1"
"AT1G08090","ACH1"
"AT1G14220","AT1G14220"
"AT1G14960","AT1G14960"
"AT1G17190","ATGSTU26"
"AT1G18300","atnudt4"
"AT1G23730","ATBCA3"
"AT1G27140","ATGSTU14"
"AT1G27330","AT1G27330"
"AT1G34510","PRX8"
"AT1G35250","ALT2"
"AT1G49450","AIW2"
"AT1G53640","AT1G53640"
"AT1G54575","AT1G54575"
"AT1G56242","AT1G56242"
"AT1G62180","APR2"
"AT1G63820","AT1G63820"
"AT1G64700","AT1G64700"
"AT1G64780","AMT1;2"
"AT1G65481","PROSCOOP17"
"AT1G65484","PROSCOOP36"
"AT1G66800","AT1G66800"
"AT1G70470","AT1G70470"
"AT1G70850","MLP34"
"AT1G70890","MLP43"
"AT1G75290","AT1G75290"
"AT1G78020","FLZ6"
"AT2G01520","MLP328"
"AT2G16005","ROSY1"
"AT2G20724","AT2G20724"
"AT2G25150","AT2G25150"
"AT2G25160","CYP82F1"
"AT2G25460","AT2G25460"
"AT2G28410","AT2G28410"
"AT2G28860","CYP710A4"
"AT2G31540","AT2G31540"
"AT2G32270","ZIP3"
"AT2G35290","SAUR79"
"AT2G35990","LOG2"
"AT2G36295","AT2G36295"
"AT2G39050","ArathEULS3"
"AT2G41312","AT2G41312"
"AT2G43290","AtCML5"
"AT2G43390","AT2G43390"
"AT2G46535","AT2G46535"
"AT2G46680","ATHB-7"
"AT2G48090","AT2G48090"
"AT3G02620","AAD4"
"AT3G05400","AT3G05400"
"AT3G08860","PYD4"
"AT3G10930","IDL7"
"AT3G12750","AtZIP1"
"AT3G14880","AT3G14880"
"AT3G19030","AT3G19030"
"AT3G20015","AT3G20015"
"AT3G26450","AT3G26450"
"AT3G27250","AITR1"
"AT3G28290","AT14A"
"AT3G28300","AT14A"
"AT3G29000","AT3G29000"
"AT3G29250","AtSDR4"
"AT3G32030","TPS9"
"AT3G32040","AtGGPS10"
"AT3G49580","LSU1"
"AT3G49750","AtRLP44"
"AT3G49930","AT3G49930"
"AT3G53280","CYP71B5"
"AT3G54450","AT3G54450"
"AT3G60140","BGLU30"
"AT3G61190","BAP1"
"AT4G00880","SAUR31"
"AT4G02075","PIT1"
"AT4G04810","ATMSRB4"
"AT4G04990","AT4G04990"
"AT4G08570","AtHMP33"
"AT4G11210","DIR14"
"AT4G12545","AT4G12545"
"AT4G19030","AT-NLM1"
"AT4G19680","ATIRT2"
"AT4G20240","CYP71A27"
"AT4G20390","CASPL1B2"
"AT4G21990","APR3"
"AT4G22214","AT4G22214"
"AT4G22217","AT4G22217"
"AT4G22666","LTPG28"
"AT4G23880","AT4G23880"
"AT4G24570","DIC2"
"AT4G25250","PMEI4"
"AT4G25470","ATCBF2"
"AT4G25480","ATCBF3"
"AT4G25760","ATGDU2"
"AT4G27280","CMI1"
"AT4G27652","AT4G27652"
"AT4G30110","ATHMA2"
"AT4G30320","AtCAPE6"
"AT4G31330","AT4G31330"
"AT4G31910","BAT1"
"AT4G31940","CYP82C4"
"AT4G32950","AT4G32950"
"AT4G33020","ATZIP9"
"AT4G36220","CYP84A1"
"AT4G37700","AT4G37700"
"AT4G38620","ATMYB4"
"AT4G39770","TPPH"
"AT5G02780","GSTL1"
"AT5G04950","ATNAS1"
"AT5G07475","AT5G07475"
"AT5G14340","AtMYB40"
"AT5G22270","SIED1"
"AT5G24660","LSU2"
"AT5G25810","ERF040"
"AT5G36130","AT5G36130"
"AT5G36140","CYP716A2"
"AT5G37770","AtCML24"
"AT5G37980","AT5G37980"
"AT5G37990","CIMT1"
"AT5G42500","DIR2"
"AT5G42590","CYP71A16"
"AT5G45095","AT5G45095"
"AT5G45380","ATDUR3"
"AT5G47950","BIA2"
"AT5G47980","AT5G47980"
"AT5G47990","CYP705A5"
"AT5G48000","CYP708"
"AT5G48010","AtTHAS1"
"AT5G49525","AT5G49525"
"AT5G51190","ERF105"
"AT5G56080","ATNAS2"
"AT5G57685","ATGDU3"
"AT5G60060","AtFDA20"
"AT5G62330","AT5G62330"
"AT5G62420","AT5G62420"
"AT1G03610","AT1G03610"
"AT1G05700","AT1G05700"
"AT1G07150","MAP3K13"
"AT1G08630","THA1"
"AT1G10070","ATBCAT-2"
"AT1G11080","scpl31"
"AT1G21400","E1A1"
"AT1G23150","AT1G23150"
"AT1G26250","EXT18"
"AT1G29020","AT1G29020"
"AT1G49030","AT1G49030"
"AT1G49570","IRR1"
"AT1G68840","AtRAV2"
"AT1G71880","ATSUC1"
"AT1G72060","AT1G72060"
"AT1G72840","TNL40"
"AT1G73260","ATKTI1"
"AT1G73300","scpl2"
"AT1G77060","AT1G77060"
"AT1G77120","ADH"
"AT1G78290","SNRK2-8"
"AT1G79245","AT1G79245"
"AT2G02710","PLP"
"AT2G05160","AtC3H18"
"AT2G05580","AT2G05580"
"AT2G15880","LRX10"
"AT2G18700","ATTPS11"
"AT2G31081","CLE4"
"AT2G34390","NIP2;1"
"AT2G36270","ABI5"
"AT2G44080","ARL"
"AT3G06500","A/N-InvC"
"AT3G10020","HUP26"
"AT3G16150","ASPGB1"
"AT3G25510","AT3G25510"
"AT3G45130","LAS1"
"AT3G45300","ATIVD"
"AT3G46270","AT3G46270"
"AT3G49620","DIN11"
"AT3G57330","ACA11"
"AT4G02380","AtLEA5"
"AT4G03460","AT4G03460"
"AT4G06746","DEAR5"
"AT4G15260","AT4G15260"
"AT4G24110","HUP40"
"AT4G24180","ATTLP1"
"AT4G24480","M3K&#948;5"
"AT4G26260","MIOX4"
"AT4G27310","BBX28"
"AT4G27450","HUP54"
"AT4G28040","UMAMIT33"
"AT4G30570","AT4G30570"
"AT4G33070","AtPDC1"
"AT4G33560","WIP5"
"AT4G36670","AtPLT6"
"AT4G37060","AtPLAIVB"
"AT4G38810","SCS"
"AT4G39675","AT4G39675"
"AT4G40070","ATL32"
"AT5G02020","SIS"
"AT5G08350","AT5G08350"
"AT5G13080","ATWRKY75"
"AT5G15120","HUP29"
"AT5G18670","BAM9"
"AT5G20230","ATBCB"
"AT5G20250","DIN10"
"AT5G20830","ASUS1"
"AT5G21930","ATHMA8"
"AT5G22920","AtRZPF34"
"AT5G23380","AT5G23380"
"AT5G24230","PRLIP6"
"AT5G28145","AT5G28145"
"AT5G38940","AT5G38940"
"AT5G39890","HUP43"
"AT5G41080","AtGDPD2"
"AT5G46040","AT5G46040"
"AT5G46330","FLS2"
"AT5G47560","ATSDAT"
"AT5G53980","ATHB52"
"AT5G54170","AT5G54170"
"AT5G55970","DDR1"
"AT5G59930","AT5G59930"
"AT5G65140","TPPJ"
"AT5G67080","MAPKKK19"
