"GO_ID","Gene_Count","TERM","K_total","pvalue","padj_BH","log10padj","GeneRatio","Set","TERM_short"
"GO:0000103",4,"sulfate assimilation",31,7.99127782359254e-07,3.99563891179627e-05,4.39841376611674,0.0833333333333333,"Both Upregulated","sulfate assimilation"
"GO:0009409",8,"response to cold",361,1.76566794340743e-06,4.41416985851857e-05,4.35515095907695,0.166666666666667,"Both Upregulated","response to cold"
"GO:0009612",2,"response to mechanical stimulus",15,0.000554442196122484,0.00894985919801513,2.048183797087,0.0416666666666667,"Both Upregulated","response to mechanical stimulus"
"GO:0098869",2,"cellular oxidant detoxification",17,0.00071598873584121,0.00894985919801513,2.048183797087,0.0416666666666667,"Both Upregulated","cellular oxidant detoxification"
"GO:0071577",2,"zinc ion transmembrane transport",20,0.000995799914337029,0.00995799914337029,2.00182791542043,0.0416666666666667,"Both Upregulated","zinc ion transmembrane transport"
"GO:0009651",5,"response to salt stress",400,0.00238597481923009,0.0198831234935841,1.70151539008595,0.104166666666667,"Both Upregulated","response to salt stress"
"GO:0009408",3,"response to heat",209,0.0129516358574009,0.0719535325411162,1.14294787962239,0.0625,"Both Upregulated","response to heat"
"GO:0009631",2,"cold acclimation",71,0.0120712796976671,0.0719535325411162,1.14294787962239,0.0416666666666667,"Both Upregulated","cold acclimation"
"GO:0042542",2,"response to hydrogen peroxide",68,0.0111151169278031,0.0719535325411162,1.14294787962239,0.0416666666666667,"Both Upregulated","response to hydrogen peroxide"
"GO:0009909",2,"regulation of flower development",81,0.0155072191880396,0.0724900547860864,1.13972157201924,0.0416666666666667,"Both Upregulated","regulation of flower development"
"GO:0071456",3,"cellular response to hypoxia",226,0.015947812052939,0.0724900547860864,1.13972157201924,0.0625,"Both Upregulated","cellular response to hypoxia"
"GO:0006829",1,"zinc ion transport",13,0.0300671054813122,0.08843266318033,1.05338729585894,0.0208333333333333,"Both Upregulated","zinc ion transport"
"GO:0010016",1,"shoot system morphogenesis",10,0.0232081052614591,0.08843266318033,1.05338729585894,0.0208333333333333,"Both Upregulated","shoot system morphogenesis"
"GO:0035435",1,"phosphate ion transmembrane transport",11,0.0254996991494087,0.08843266318033,1.05338729585894,0.0208333333333333,"Both Upregulated","phosphate ion transmembrane transport"
"GO:0045893",3,"positive regulation of DNA-templated transcription",278,0.0273560260025497,0.08843266318033,1.05338729585894,0.0625,"Both Upregulated","positive regulation of DNA-templated trans..."
"GO:0001666",4,"response to hypoxia",46,1.55754767047139e-06,5.60717161369699e-05,4.25125615163451,0.105263157894737,"Both Downregulated","response to hypoxia"
"GO:0015770",2,"sucrose transport",13,0.000258382830335327,0.00361312319734905,2.44211722995794,0.0526315789473684,"Both Downregulated","sucrose transport"
"GO:1902456",2,"regulation of stomatal opening",14,0.000301093599779087,0.00361312319734905,2.44211722995794,0.0526315789473684,"Both Downregulated","regulation of stomatal opening"
"GO:0009061",2,"anaerobic respiration",18,0.000503867631424336,0.00453480868281902,2.34344103048892,0.0526315789473684,"Both Downregulated","anaerobic respiration"
"GO:0071456",4,"cellular response to hypoxia",226,0.000795531105733051,0.00572782396127796,2.24201033808505,0.105263157894737,"Both Downregulated","cellular response to hypoxia"
"GO:0070588",2,"calcium ion transmembrane transport",36,0.00203150945467204,0.0121890567280322,1.91402990173692,0.0526315789473684,"Both Downregulated","calcium ion transmembrane transport"
"GO:0006629",2,"lipid metabolic process",72,0.00790317072973681,0.0406448780386464,1.39099417527792,0.0526315789473684,"Both Downregulated","lipid metabolic process"
"GO:0009624",2,"response to nematode",80,0.00968021367548085,0.0435609615396638,1.36090254244332,0.0526315789473684,"Both Downregulated","response to nematode"
"GO:0005985",1,"sucrose metabolic process",20,0.0364966183054936,0.068698499837749,1.16305274648195,0.0263157894736842,"Both Downregulated","sucrose metabolic process"
"GO:0006949",1,"syncytium formation",15,0.0274959608831096,0.068698499837749,1.16305274648195,0.0263157894736842,"Both Downregulated","syncytium formation"
"GO:0009617",2,"response to bacterium",127,0.0232095915537219,0.068698499837749,1.16305274648195,0.0526315789473684,"Both Downregulated","response to bacterium"
"GO:0009682",1,"induced systemic resistance",19,0.034703000096294,0.068698499837749,1.16305274648195,0.0263157894736842,"Both Downregulated","induced systemic resistance"
"GO:0009723",2,"response to ethylene",123,0.0218659293228931,0.068698499837749,1.16305274648195,0.0526315789473684,"Both Downregulated","response to ethylene"
"GO:0010075",1,"regulation of meristem growth",22,0.0400741249053536,0.068698499837749,1.16305274648195,0.0263157894736842,"Both Downregulated","regulation of meristem growth"
"GO:0016104",1,"triterpenoid biosynthetic process",16,0.0293026171278633,0.068698499837749,1.16305274648195,0.0263157894736842,"Both Downregulated","triterpenoid biosynthetic process"
"GO:0097501",8,"stress response to metal ion",12,2.38732433754581e-13,3.98683164370151e-11,10.3993721033783,0.031496062992126,"Drought Only UP","stress response to metal ion"
"GO:0071577",9,"zinc ion transmembrane transport",20,9.02435566741221e-13,7.5353369822892e-11,10.1228973211494,0.0354330708661417,"Drought Only UP","zinc ion transmembrane transport"
"GO:0006749",7,"glutathione metabolic process",46,1.47707132321718e-06,8.22236369924231e-05,4.08500331701315,0.0275590551181102,"Drought Only UP","glutathione metabolic process"
"GO:0042594",4,"response to starvation",20,9.59250845646753e-05,0.00400487228057519,2.39741132944888,0.015748031496063,"Drought Only UP","response to starvation"
"GO:0009407",5,"toxin catabolic process",41,0.000147128175413351,0.00491408105880594,2.30855768401756,0.0196850393700787,"Drought Only UP","toxin catabolic process"
"GO:0010233",3,"phloem transport",11,0.000289408014791651,0.00690444835288652,2.16087101467664,0.0118110236220472,"Drought Only UP","phloem transport"
"GO:2000280",5,"regulation of root development",46,0.000255879747795933,0.00690444835288652,2.16087101467664,0.0196850393700787,"Drought Only UP","regulation of root development"
"GO:0006829",3,"zinc ion transport",13,0.000492500560525586,0.0102809492009716,1.98796678673047,0.0118110236220472,"Drought Only UP","zinc ion transport"
"GO:0006952",10,"defense response",242,0.000924922212411511,0.0156669424913931,1.80501575073487,0.0393700787401575,"Drought Only UP","defense response"
"GO:0016104",3,"triterpenoid biosynthetic process",16,0.000938140268945692,0.0156669424913931,1.80501575073487,0.0118110236220472,"Drought Only UP","triterpenoid biosynthetic process"
"GO:0009749",4,"response to glucose",53,0.00420973610854817,0.0639114481934131,1.19442134149882,0.015748031496063,"Drought Only UP","response to glucose"
"GO:0010497",3,"plasmodesmata-mediated intercellular transport",28,0.00491810547679178,0.068443634552019,1.16466693624411,0.0118110236220472,"Drought Only UP","plasmodesmata-mediated intercellular trans..."
"GO:0015918",2,"sterol transport",11,0.00783461780751295,0.093455798132476,1.02939374919339,0.0078740157480315,"Drought Only UP","sterol transport"
"GO:0016132",3,"brassinosteroid biosynthetic process",33,0.0078268812525486,0.093455798132476,1.02939374919339,0.0118110236220472,"Drought Only UP","brassinosteroid biosynthetic process"
"GO:0009744",4,"response to sucrose",65,0.00867348798503967,0.0965648329001083,1.01518100669152,0.015748031496063,"Drought Only UP","response to sucrose"
"GO:0009737",132,"response to abscisic acid",441,1.84109808058877e-42,1.08808896562796e-39,38.9633355938826,0.0805369127516778,"Salt Only UP","response to abscisic acid"
"GO:0009414",112,"response to water deprivation",370,1.28339768481654e-36,3.79244015863287e-34,33.4210812632718,0.0683343502135449,"Salt Only UP","response to water deprivation"
"GO:0071456",79,"cellular response to hypoxia",226,7.02015319394102e-31,1.38297017920638e-28,27.8591871844212,0.0482001220256254,"Salt Only UP","cellular response to hypoxia"
"GO:0009651",86,"response to salt stress",400,1.4387370041807e-17,2.12573392367698e-15,14.672491096685,0.0524710189139719,"Salt Only UP","response to salt stress"
"GO:0009409",80,"response to cold",361,3.1202165895608e-17,3.68809600886087e-15,14.4331977818766,0.048810250152532,"Salt Only UP","response to cold"
"GO:0045893",66,"positive regulation of DNA-templated transcription",278,5.32178874875984e-16,5.24196191752844e-14,13.2805061384957,0.0402684563758389,"Salt Only UP","positive regulation of DNA-templated trans..."
"GO:0006970",49,"response to osmotic stress",172,1.5777661525375e-15,1.33208542307095e-13,12.8754679241306,0.0298962782184259,"Salt Only UP","response to osmotic stress"
"GO:0006355",181,"regulation of DNA-templated transcription",1317,1.7551134774385e-13,1.29659008145769e-11,10.8871973049487,0.110433190970104,"Salt Only UP","regulation of DNA-templated transcription"
"GO:0009611",51,"response to wounding",213,7.90781274304269e-13,5.19279703459803e-11,10.2845986518853,0.0311165344722392,"Salt Only UP","response to wounding"
"GO:0009631",27,"cold acclimation",71,1.84724818346381e-12,1.09172367642711e-10,9.96188727096172,0.0164734594264796,"Salt Only UP","cold acclimation"
"GO:0007623",35,"circadian rhythm",128,6.04695271538529e-11,3.24886277708428e-09,8.48826863165706,0.0213544844417328,"Salt Only UP","circadian rhythm"
"GO:0009617",34,"response to bacterium",127,2.11266023207253e-10,1.04048516429572e-08,7.98276410777377,0.0207443563148261,"Salt Only UP","response to bacterium"
"GO:0006979",48,"response to oxidative stress",236,1.50930674418224e-09,6.86154066009001e-08,7.16357835877553,0.0292861500915192,"Salt Only UP","response to oxidative stress"
"GO:0010345",12,"suberin biosynthetic process",22,2.02125668399083e-08,8.53259071598987e-07,6.06891908573384,0.0073215375228798,"Salt Only UP","suberin biosynthetic process"
"GO:1902074",15,"response to salt",43,5.88942344360208e-07,2.32043283677922e-05,4.6344309973972,0.00915192190359976,"Salt Only UP","response to salt"
