"gene","Drought_UP","Drought_DOWN","Salt_UP","Salt_DOWN"
"AT1G01380",1,0,0,0
"AT1G01420",1,0,0,0
"AT1G02335",1,0,0,0
"AT1G02450",1,0,0,0
"AT1G04330",1,0,0,1
"AT1G04770",1,0,1,0
"AT1G05300",1,0,0,0
"AT1G05680",1,0,1,0
"AT1G06830",1,0,0,1
"AT1G08090",1,0,0,1
"AT1G09080",1,0,0,0
"AT1G09155",1,0,0,0
"AT1G09610",1,0,0,0
"AT1G10970",1,0,0,0
"AT1G11700",1,0,0,0
"AT1G12030",1,0,0,0
"AT1G13090",1,0,0,0
"AT1G13930",1,0,0,0
"AT1G14220",1,0,0,1
"AT1G14960",1,0,0,1
"AT1G16500",1,0,0,0
"AT1G17180",1,0,0,0
"AT1G17190",1,0,0,1
"AT1G18300",1,0,1,0
"AT1G19960",1,0,0,0
"AT1G20380",1,0,0,0
"AT1G20400",1,0,0,0
"AT1G20823",1,0,0,0
"AT1G22065",1,0,0,0
"AT1G22160",1,0,0,0
"AT1G23730",1,0,1,0
"AT1G24575",1,0,0,0
"AT1G27140",1,0,0,1
"AT1G27330",1,0,0,1
"AT1G28660",1,0,0,0
"AT1G28670",1,0,0,0
"AT1G29000",1,0,0,0
"AT1G33090",1,0,0,0
"AT1G34047",1,0,0,0
"AT1G34510",1,0,0,1
"AT1G35250",1,0,0,1
"AT1G43790",1,0,0,0
"AT1G44830",1,0,0,0
"AT1G47395",1,0,0,0
"AT1G47400",1,0,0,0
"AT1G48750",1,0,0,0
"AT1G49450",1,0,1,0
"AT1G49475",1,0,0,0
"AT1G52830",1,0,0,0
"AT1G53640",1,0,0,1
"AT1G54575",1,0,1,0
"AT1G55910",1,0,0,0
"AT1G56242",1,0,1,0
"AT1G56430",1,0,0,0
"AT1G58270",1,0,0,0
"AT1G58684",1,0,0,0
"AT1G58983",1,0,0,0
"AT1G60960",1,0,0,0
"AT1G61930",1,0,0,0
"AT1G62180",1,0,1,0
"AT1G62420",1,0,0,0
"AT1G63245",1,0,0,0
"AT1G63820",1,0,1,0
"AT1G64590",1,0,0,0
"AT1G64700",1,0,1,0
"AT1G64780",1,0,0,1
"AT1G64950",1,0,0,0
"AT1G65481",1,0,0,1
"AT1G65484",1,0,0,1
"AT1G66480",1,0,0,0
"AT1G66800",1,0,0,1
"AT1G70470",1,0,0,1
"AT1G70850",1,0,0,1
"AT1G70890",1,0,0,1
"AT1G73540",1,0,0,0
"AT1G75280",1,0,0,0
"AT1G75290",1,0,1,0
"AT1G76680",1,0,0,0
"AT1G76770",1,0,0,0
"AT1G78000",1,0,0,0
"AT1G78020",1,0,0,1
"AT1G78100",1,0,0,0
"AT1G78340",1,0,0,0
"AT1G80520",1,0,0,0
"AT2G01520",1,0,0,1
"AT2G07663",1,0,0,0
"AT2G07671",1,0,0,0
"AT2G07739",1,0,0,0
"AT2G07808",1,0,0,0
"AT2G16005",1,0,0,1
"AT2G16385",1,0,0,0
"AT2G17500",1,0,0,0
"AT2G17650",1,0,0,0
"AT2G18938",1,0,0,0
"AT2G19310",1,0,0,0
"AT2G20480",1,0,0,0
"AT2G20724",1,0,0,1
"AT2G23060",1,0,0,0
"AT2G24762",1,0,0,0
"AT2G24940",1,0,0,0
"AT2G25150",1,0,0,1
"AT2G25160",1,0,0,1
"AT2G25460",1,0,1,0
"AT2G28410",1,0,0,1
"AT2G28720",1,0,0,0
"AT2G28860",1,0,0,1
"AT2G30020",1,0,0,0
"AT2G30540",1,0,0,0
"AT2G31540",1,0,0,1
"AT2G32270",1,0,0,1
"AT2G32487",1,0,0,0
"AT2G35290",1,0,1,0
"AT2G35585",1,0,0,0
"AT2G35850",1,0,0,0
"AT2G35990",1,0,0,1
"AT2G36090",1,0,0,0
"AT2G36210",1,0,0,0
"AT2G36255",1,0,0,0
"AT2G36295",1,0,1,0
"AT2G39050",1,0,1,0
"AT2G41312",1,0,0,1
"AT2G41480",1,0,0,0
"AT2G43290",1,0,1,0
"AT2G43390",1,0,1,0
"AT2G43670",1,0,0,0
"AT2G45120",1,0,0,0
"AT2G46140",1,0,0,0
"AT2G46535",1,0,0,1
"AT2G46680",1,0,1,0
"AT2G47115",1,0,0,0
"AT2G48090",1,0,1,0
"AT3G02493",1,0,0,0
"AT3G02620",1,0,0,1
"AT3G02910",1,0,0,0
"AT3G05400",1,0,1,0
"AT3G06020",1,0,0,0
"AT3G08040",1,0,0,0
"AT3G08860",1,0,1,0
"AT3G10120",1,0,0,0
"AT3G10930",1,0,1,0
"AT3G12750",1,0,1,0
"AT3G14880",1,0,1,0
"AT3G19030",1,0,0,1
"AT3G20015",1,0,0,1
"AT3G21550",1,0,0,0
"AT3G22060",1,0,0,0
"AT3G22370",1,0,0,0
"AT3G24500",1,0,0,0
"AT3G25710",1,0,0,0
"AT3G26450",1,0,0,1
"AT3G26460",1,0,0,0
"AT3G27150",1,0,0,0
"AT3G27250",1,0,1,0
"AT3G28290",1,0,0,1
"AT3G28300",1,0,0,1
"AT3G29000",1,0,1,0
"AT3G29250",1,0,0,1
"AT3G32030",1,0,0,1
"AT3G32040",1,0,0,1
"AT3G43800",1,0,0,0
"AT3G45210",1,0,0,0
"AT3G47180",1,0,0,0
"AT3G48340",1,0,0,0
"AT3G49580",1,0,1,0
"AT3G49750",1,0,0,1
"AT3G49760",1,0,0,0
"AT3G49930",1,0,0,1
"AT3G50300",1,0,0,0
"AT3G52900",1,0,0,0
"AT3G53280",1,0,1,0
"AT3G54450",1,0,1,0
"AT3G56710",1,0,0,0
"AT3G57645",1,0,0,0
"AT3G58850",1,0,0,0
"AT3G59930",1,0,0,0
"AT3G60140",1,0,1,0
"AT3G61190",1,0,1,0
"AT3G61900",1,0,0,0
"AT3G61930",1,0,0,0
"AT3G62020",1,0,0,0
"AT4G00880",1,0,0,1
"AT4G01060",1,0,0,0
"AT4G01070",1,0,0,0
"AT4G02075",1,0,0,1
"AT4G04745",1,0,0,0
"AT4G04810",1,0,1,0
"AT4G04830",1,0,0,0
"AT4G04990",1,0,0,1
"AT4G05590",1,0,0,0
"AT4G08570",1,0,0,1
"AT4G09890",1,0,0,0
"AT4G10280",1,0,0,0
"AT4G11210",1,0,0,1
"AT4G11393",1,0,0,0
"AT4G12545",1,0,0,1
"AT4G14020",1,0,0,0
"AT4G14060",1,0,0,0
"AT4G14380",1,0,0,0
"AT4G16400",1,0,0,0
"AT4G17670",1,0,0,0
"AT4G19030",1,0,0,1
"AT4G19680",1,0,0,1
"AT4G20000",1,0,0,0
"AT4G20240",1,0,0,1
"AT4G20390",1,0,0,1
"AT4G20820",1,0,0,0
"AT4G21990",1,0,1,0
"AT4G22214",1,0,0,1
"AT4G22217",1,0,0,1
"AT4G22666",1,0,0,1
"AT4G23496",1,0,0,0
"AT4G23680",1,0,0,0
"AT4G23880",1,0,1,0
"AT4G23890",1,0,0,0
"AT4G23980",1,0,0,0
"AT4G24570",1,0,1,0
"AT4G25250",1,0,0,1
"AT4G25470",1,0,1,0
"AT4G25480",1,0,1,0
"AT4G25760",1,0,0,1
"AT4G27280",1,0,1,0
"AT4G27652",1,0,1,0
"AT4G27840",1,0,0,0
"AT4G28840",1,0,0,0
"AT4G29110",1,0,0,0
"AT4G30110",1,0,0,1
"AT4G30320",1,0,0,1
"AT4G31330",1,0,0,1
"AT4G31910",1,0,0,1
"AT4G31940",1,0,0,1
"AT4G32950",1,0,1,0
"AT4G33020",1,0,0,1
"AT4G33040",1,0,0,0
"AT4G35640",1,0,0,0
"AT4G36220",1,0,0,1
"AT4G37220",1,0,0,0
"AT4G37700",1,0,0,1
"AT4G37730",1,0,0,0
"AT4G38620",1,0,0,1
"AT4G39190",1,0,0,0
"AT4G39770",1,0,0,1
"AT4G39795",1,0,0,0
"AT5G02380",1,0,0,0
"AT5G02780",1,0,1,0
"AT5G03110",1,0,0,0
"AT5G04120",1,0,0,0
"AT5G04890",1,0,0,0
"AT5G04950",1,0,0,1
"AT5G07475",1,0,1,0
"AT5G09220",1,0,0,0
"AT5G11090",1,0,0,0
"AT5G13150",1,0,0,0
"AT5G14340",1,0,0,1
"AT5G14740",1,0,0,0
"AT5G19500",1,0,0,0
"AT5G22270",1,0,1,0
"AT5G23840",1,0,0,0
"AT5G24140",1,0,0,0
"AT5G24655",1,0,0,0
"AT5G24660",1,0,1,0
"AT5G25810",1,0,0,1
"AT5G26260",1,0,0,0
"AT5G33355",1,0,0,0
"AT5G36130",1,0,0,1
"AT5G36140",1,0,0,1
"AT5G37770",1,0,1,0
"AT5G37980",1,0,0,1
"AT5G37990",1,0,0,1
"AT5G38700",1,0,0,0
"AT5G39190",1,0,0,0
"AT5G40020",1,0,0,0
"AT5G41471",1,0,0,0
"AT5G42500",1,0,0,1
"AT5G42580",1,0,0,0
"AT5G42590",1,0,0,1
"AT5G42600",1,0,0,0
"AT5G45095",1,0,1,0
"AT5G45100",1,0,0,0
"AT5G45240",1,0,0,0
"AT5G45380",1,0,0,1
"AT5G47950",1,0,0,1
"AT5G47980",1,0,0,1
"AT5G47990",1,0,0,1
"AT5G48000",1,0,0,1
"AT5G48010",1,0,0,1
"AT5G49525",1,0,1,0
"AT5G50400",1,0,0,0
"AT5G50820",1,0,0,0
"AT5G51190",1,0,1,0
"AT5G56080",1,0,0,1
"AT5G57685",1,0,0,1
"AT5G59000",1,0,0,0
"AT5G59820",1,0,0,0
"AT5G60060",1,0,0,1
"AT5G60680",1,0,0,0
"AT5G62330",1,0,0,1
"AT5G62420",1,0,0,1
"AT5G65040",1,0,0,0
"AT5G66690",1,0,0,0
"ATCG00760",1,0,0,0
"ATCG01020",1,0,0,0
"ATMG00020",1,0,0,0
"AT1G01448",0,1,0,0
"AT1G01670",0,1,0,0
"AT1G02640",0,1,0,0
"AT1G03090",0,1,0,0
"AT1G03220",0,1,0,0
"AT1G03610",0,1,1,0
"AT1G03620",0,1,0,0
"AT1G05135",0,1,0,0
"AT1G05700",0,1,0,1
"AT1G07150",0,1,1,0
"AT1G08630",0,1,1,0
"AT1G09460",0,1,0,0
"AT1G10070",0,1,1,0
"AT1G10450",0,1,0,0
"AT1G11080",0,1,0,1
"AT1G12790",0,1,0,0
"AT1G12805",0,1,0,0
"AT1G13040",0,1,0,0
"AT1G15040",0,1,0,0
"AT1G15125",0,1,0,0
"AT1G18270",0,1,0,0
"AT1G18382",0,1,0,0
"AT1G19397",0,1,0,0
"AT1G19530",0,1,0,0
"AT1G20490",0,1,0,0
"AT1G21400",0,1,1,0
"AT1G23150",0,1,1,0
"AT1G25400",0,1,0,0
"AT1G26250",0,1,0,1
"AT1G28685",0,1,0,0
"AT1G29020",0,1,0,1
"AT1G32540",0,1,0,0
"AT1G33817",0,1,0,0
"AT1G36060",0,1,0,0
"AT1G43800",0,1,0,0
"AT1G44350",0,1,0,0
"AT1G49030",0,1,0,1
"AT1G49530",0,1,0,0
"AT1G49570",0,1,0,1
"AT1G50090",0,1,0,0
"AT1G53350",0,1,0,0
"AT1G53430",0,1,0,0
"AT1G53440",0,1,0,0
"AT1G55810",0,1,0,0
"AT1G64570",0,1,0,0
"AT1G65970",0,1,0,0
"AT1G67105",0,1,0,0
"AT1G67480",0,1,0,0
"AT1G68840",0,1,1,0
"AT1G70290",0,1,0,0
"AT1G70700",0,1,0,0
"AT1G71880",0,1,0,1
"AT1G72060",0,1,1,0
"AT1G72360",0,1,0,0
"AT1G72840",0,1,1,0
"AT1G73260",0,1,1,0
"AT1G73300",0,1,0,1
"AT1G75295",0,1,0,0
"AT1G76410",0,1,0,0
"AT1G77060",0,1,1,0
"AT1G77120",0,1,1,0
"AT1G77850",0,1,0,0
"AT1G78290",0,1,1,0
"AT1G79245",0,1,1,0
"AT1G79640",0,1,0,0
"AT1G79950",0,1,0,0
"AT1G80380",0,1,0,0
"AT1G80830",0,1,0,0
"AT2G02710",0,1,1,0
"AT2G05160",0,1,0,1
"AT2G05440",0,1,0,0
"AT2G05510",0,1,0,0
"AT2G05580",0,1,1,0
"AT2G11240",0,1,0,0
"AT2G13360",0,1,0,0
"AT2G15880",0,1,1,0
"AT2G16060",0,1,0,0
"AT2G17975",0,1,0,0
"AT2G18700",0,1,1,0
"AT2G19110",0,1,0,0
"AT2G22800",0,1,0,0
"AT2G25680",0,1,0,0
"AT2G27980",0,1,0,0
"AT2G28570",0,1,0,0
"AT2G29060",0,1,0,0
"AT2G30600",0,1,0,0
"AT2G31081",0,1,0,1
"AT2G34390",0,1,0,1
"AT2G36270",0,1,1,0
"AT2G38400",0,1,0,0
"AT2G39770",0,1,0,0
"AT2G40850",0,1,0,0
"AT2G40940",0,1,0,0
"AT2G44080",0,1,1,0
"AT2G47160",0,1,0,0
"AT3G02030",0,1,0,0
"AT3G03270",0,1,0,0
"AT3G03300",0,1,0,0
"AT3G06380",0,1,0,0
"AT3G06435",0,1,0,0
"AT3G06500",0,1,1,0
"AT3G06850",0,1,0,0
"AT3G07270",0,1,0,0
"AT3G09060",0,1,0,0
"AT3G10020",0,1,1,0
"AT3G10040",0,1,0,0
"AT3G10985",0,1,0,0
"AT3G13430",0,1,0,0
"AT3G16150",0,1,0,1
"AT3G17050",0,1,0,0
"AT3G17712",0,1,0,0
"AT3G18320",0,1,0,0
"AT3G23150",0,1,0,0
"AT3G23450",0,1,0,0
"AT3G24070",0,1,0,0
"AT3G25510",0,1,0,1
"AT3G26540",0,1,0,0
"AT3G26890",0,1,0,0
"AT3G27220",0,1,0,0
"AT3G29390",0,1,0,0
"AT3G43190",0,1,0,0
"AT3G44205",0,1,0,0
"AT3G45130",0,1,0,1
"AT3G45300",0,1,1,0
"AT3G46270",0,1,0,1
"AT3G49620",0,1,1,0
"AT3G49790",0,1,0,0
"AT3G52840",0,1,0,0
"AT3G54500",0,1,0,0
"AT3G56408",0,1,0,0
"AT3G57330",0,1,0,1
"AT3G58160",0,1,0,0
"AT3G58820",0,1,0,0
"AT3G59320",0,1,0,0
"AT3G59330",0,1,0,0
"AT3G61010",0,1,0,0
"AT3G61420",0,1,0,0
"AT3G62010",0,1,0,0
"AT3G62950",0,1,0,0
"AT4G01330",0,1,0,0
"AT4G02380",0,1,1,0
"AT4G02660",0,1,0,0
"AT4G03460",0,1,0,1
"AT4G04410",0,1,0,0
"AT4G06598",0,1,0,0
"AT4G06746",0,1,1,0
"AT4G07868",0,1,0,0
"AT4G08035",0,1,0,0
"AT4G08110",0,1,0,0
"AT4G08290",0,1,0,0
"AT4G10530",0,1,0,0
"AT4G11830",0,1,0,0
"AT4G12680",0,1,0,0
"AT4G14370",0,1,0,0
"AT4G15260",0,1,1,0
"AT4G15530",0,1,0,0
"AT4G16000",0,1,0,0
"AT4G16260",0,1,0,0
"AT4G21326",0,1,0,0
"AT4G21400",0,1,0,0
"AT4G24110",0,1,1,0
"AT4G24180",0,1,0,1
"AT4G24230",0,1,0,0
"AT4G24480",0,1,1,0
"AT4G25290",0,1,0,0
"AT4G26260",0,1,0,1
"AT4G26480",0,1,0,0
"AT4G27310",0,1,1,0
"AT4G27450",0,1,1,0
"AT4G28040",0,1,1,0
"AT4G28270",0,1,0,0
"AT4G30140",0,1,0,0
"AT4G30570",0,1,1,0
"AT4G30920",0,1,0,0
"AT4G31000",0,1,0,0
"AT4G33070",0,1,1,0
"AT4G33560",0,1,1,0
"AT4G36670",0,1,0,1
"AT4G37060",0,1,0,1
"AT4G38040",0,1,0,0
"AT4G38340",0,1,0,0
"AT4G38810",0,1,1,0
"AT4G39675",0,1,0,1
"AT4G39970",0,1,0,0
"AT4G40070",0,1,0,1
"AT5G01050",0,1,0,0
"AT5G01720",0,1,0,0
"AT5G02020",0,1,1,0
"AT5G05420",0,1,0,0
"AT5G05730",0,1,0,0
"AT5G07440",0,1,0,0
"AT5G08350",0,1,0,1
"AT5G10040",0,1,0,0
"AT5G10530",0,1,0,0
"AT5G13080",0,1,1,0
"AT5G13590",0,1,0,0
"AT5G14120",0,1,0,0
"AT5G15120",0,1,0,1
"AT5G15230",0,1,0,0
"AT5G15845",0,1,0,0
"AT5G17580",0,1,0,0
"AT5G18360",0,1,0,0
"AT5G18610",0,1,0,0
"AT5G18670",0,1,0,1
"AT5G20230",0,1,1,0
"AT5G20250",0,1,0,1
"AT5G20820",0,1,0,0
"AT5G20830",0,1,1,0
"AT5G21930",0,1,0,1
"AT5G22920",0,1,0,1
"AT5G23380",0,1,1,0
"AT5G24230",0,1,0,1
"AT5G24620",0,1,0,0
"AT5G25270",0,1,0,0
"AT5G26820",0,1,0,0
"AT5G28145",0,1,0,1
"AT5G28400",0,1,0,0
"AT5G36220",0,1,0,0
"AT5G36940",0,1,0,0
"AT5G38140",0,1,0,0
"AT5G38850",0,1,0,0
"AT5G38940",0,1,0,1
"AT5G39890",0,1,0,1
"AT5G40100",0,1,0,0
"AT5G41080",0,1,0,1
"AT5G42092",0,1,0,0
"AT5G43580",0,1,0,0
"AT5G44582",0,1,0,0
"AT5G44750",0,1,0,0
"AT5G46040",0,1,0,1
"AT5G46330",0,1,0,1
"AT5G46730",0,1,0,0
"AT5G47500",0,1,0,0
"AT5G47560",0,1,1,0
"AT5G49360",0,1,0,0
"AT5G49390",0,1,0,0
"AT5G50450",0,1,0,0
"AT5G53980",0,1,1,0
"AT5G54090",0,1,0,0
"AT5G54170",0,1,1,0
"AT5G55100",0,1,0,0
"AT5G55970",0,1,1,0
"AT5G56870",0,1,0,0
"AT5G58510",0,1,0,0
"AT5G59930",0,1,0,1
"AT5G64240",0,1,0,0
"AT5G65140",0,1,1,0
"AT5G65207",0,1,0,0
"AT5G67080",0,1,0,1
"AT5G67190",0,1,0,0
"AT1G01120",0,0,1,0
"AT1G01140",0,0,1,0
"AT1G01240",0,0,1,0
"AT1G01470",0,0,1,0
"AT1G01600",0,0,1,0
"AT1G01610",0,0,1,0
"AT1G01650",0,0,1,0
"AT1G01680",0,0,1,0
"AT1G01720",0,0,1,0
"AT1G01770",0,0,1,0
"AT1G02220",0,0,1,0
"AT1G02230",0,0,1,0
"AT1G02310",0,0,1,0
"AT1G02340",0,0,1,0
"AT1G02400",0,0,1,0
"AT1G02660",0,0,1,0
"AT1G02820",0,0,1,0
"AT1G02850",0,0,1,0
"AT1G02930",0,0,1,0
"AT1G02980",0,0,1,0
"AT1G03070",0,0,1,0
"AT1G03120",0,0,1,0
"AT1G03130",0,0,1,0
"AT1G03600",0,0,1,0
"AT1G03700",0,0,1,0
"AT1G03800",0,0,1,0
"AT1G04180",0,0,1,0
"AT1G04220",0,0,1,0
"AT1G04310",0,0,1,0
"AT1G04490",0,0,1,0
"AT1G04570",0,0,1,0
"AT1G05010",0,0,1,0
"AT1G05100",0,0,1,0
"AT1G05340",0,0,1,0
"AT1G05450",0,0,1,0
"AT1G05675",0,0,1,0
"AT1G05690",0,0,1,0
"AT1G05894",0,0,1,0
"AT1G06430",0,0,1,0
"AT1G06520",0,0,1,0
"AT1G06570",0,0,1,0
"AT1G06690",0,0,1,0
"AT1G07010",0,0,1,0
"AT1G07040",0,0,1,0
"AT1G07128",0,0,1,0
"AT1G07135",0,0,1,0
"AT1G07430",0,0,1,0
"AT1G07720",0,0,1,0
"AT1G07728",0,0,1,0
"AT1G07870",0,0,1,0
"AT1G08050",0,0,1,0
"AT1G08230",0,0,1,0
"AT1G08250",0,0,1,0
"AT1G08440",0,0,1,0
"AT1G08550",0,0,1,0
"AT1G08570",0,0,1,0
"AT1G08890",0,0,1,0
"AT1G08920",0,0,1,0
"AT1G09070",0,0,1,0
"AT1G09490",0,0,1,0
"AT1G09530",0,0,1,0
"AT1G09795",0,0,1,0
"AT1G09932",0,0,1,0
"AT1G09950",0,0,1,0
"AT1G09960",0,0,1,0
"AT1G10170",0,0,1,0
"AT1G10360",0,0,1,0
"AT1G10370",0,0,1,0
"AT1G10480",0,0,1,0
"AT1G10760",0,0,1,0
"AT1G11190",0,0,1,0
"AT1G11210",0,0,1,0
"AT1G11330",0,0,1,0
"AT1G11410",0,0,1,0
"AT1G11960",0,0,1,0
"AT1G12200",0,0,1,0
"AT1G12250",0,0,1,0
"AT1G12610",0,0,1,0
"AT1G12940",0,0,1,0
"AT1G13130",0,0,1,0
"AT1G13340",0,0,1,0
"AT1G13360",0,0,1,0
"AT1G13370",0,0,1,0
"AT1G13600",0,0,1,0
"AT1G13740",0,0,1,0
"AT1G13990",0,0,1,0
"AT1G14480",0,0,1,0
"AT1G14520",0,0,1,0
"AT1G14730",0,0,1,0
"AT1G14890",0,0,1,0
"AT1G15010",0,0,1,0
"AT1G15230",0,0,1,0
"AT1G15330",0,0,1,0
"AT1G15415",0,0,1,0
"AT1G15430",0,0,1,0
"AT1G15520",0,0,1,0
"AT1G15580",0,0,1,0
"AT1G15960",0,0,1,0
"AT1G16130",0,0,1,0
"AT1G16310",0,0,1,0
"AT1G16320",0,0,1,0
"AT1G16510",0,0,1,0
"AT1G16515",0,0,1,0
"AT1G16730",0,0,1,0
"AT1G16850",0,0,1,0
"AT1G17020",0,0,1,0
"AT1G17030",0,0,1,0
"AT1G17040",0,0,1,0
"AT1G17050",0,0,1,0
"AT1G17285",0,0,1,0
"AT1G17380",0,0,1,0
"AT1G17420",0,0,1,0
"AT1G17520",0,0,1,0
"AT1G17665",0,0,1,0
"AT1G17830",0,0,1,0
"AT1G17840",0,0,1,0
"AT1G17950",0,0,1,0
"AT1G18020",0,0,1,0
"AT1G18100",0,0,1,0
"AT1G18265",0,0,1,0
"AT1G18570",0,0,1,0
"AT1G19020",0,0,1,0
"AT1G19180",0,0,1,0
"AT1G19200",0,0,1,0
"AT1G19310",0,0,1,0
"AT1G19380",0,0,1,0
"AT1G19400",0,0,1,0
"AT1G19970",0,0,1,0
"AT1G20030",0,0,1,0
"AT1G20070",0,0,1,0
"AT1G20180",0,0,1,0
"AT1G20440",0,0,1,0
"AT1G20450",0,0,1,0
"AT1G20630",0,0,1,0
"AT1G21000",0,0,1,0
"AT1G21120",0,0,1,0
"AT1G21130",0,0,1,0
"AT1G21340",0,0,1,0
"AT1G21410",0,0,1,0
"AT1G21460",0,0,1,0
"AT1G21520",0,0,1,0
"AT1G21525",0,0,1,0
"AT1G21590",0,0,1,0
"AT1G21680",0,0,1,0
"AT1G21760",0,0,1,0
"AT1G21790",0,0,1,0
"AT1G21980",0,0,1,0
"AT1G22190",0,0,1,0
"AT1G22280",0,0,1,0
"AT1G22350",0,0,1,0
"AT1G22403",0,0,1,0
"AT1G22430",0,0,1,0
"AT1G22470",0,0,1,0
"AT1G22490",0,0,1,0
"AT1G22510",0,0,1,0
"AT1G22710",0,0,1,0
"AT1G22890",0,0,1,0
"AT1G22985",0,0,1,0
"AT1G22990",0,0,1,0
"AT1G23010",0,0,1,0
"AT1G23090",0,0,1,0
"AT1G23120",0,0,1,0
"AT1G23710",0,0,1,0
"AT1G23740",0,0,1,0
"AT1G23800",0,0,1,0
"AT1G24480",0,0,1,0
"AT1G24600",0,0,1,0
"AT1G25275",0,0,1,0
"AT1G25422",0,0,1,0
"AT1G26450",0,0,1,0
"AT1G26560",0,0,1,0
"AT1G26680",0,0,1,0
"AT1G26730",0,0,1,0
"AT1G26770",0,0,1,0
"AT1G26930",0,0,1,0
"AT1G27150",0,0,1,0
"AT1G27200",0,0,1,0
"AT1G27300",0,0,1,0
"AT1G27730",0,0,1,0
"AT1G27760",0,0,1,0
"AT1G28160",0,0,1,0
"AT1G28190",0,0,1,0
"AT1G28230",0,0,1,0
"AT1G28260",0,0,1,0
"AT1G28330",0,0,1,0
"AT1G28370",0,0,1,0
"AT1G28380",0,0,1,0
"AT1G28520",0,0,1,0
"AT1G28600",0,0,1,0
"AT1G28960",0,0,1,0
"AT1G29195",0,0,1,0
"AT1G29395",0,0,1,0
"AT1G29640",0,0,1,0
"AT1G29860",0,0,1,0
"AT1G30040",0,0,1,0
"AT1G30190",0,0,1,0
"AT1G30260",0,0,1,0
"AT1G30320",0,0,1,0
"AT1G30370",0,0,1,0
"AT1G30500",0,0,1,0
"AT1G30730",0,0,1,0
"AT1G31040",0,0,1,0
"AT1G31750",0,0,1,0
"AT1G31820",0,0,1,0
"AT1G32520",0,0,1,0
"AT1G32560",0,0,1,0
"AT1G32860",0,0,1,0
"AT1G32870",0,0,1,0
"AT1G32960",0,0,1,0
"AT1G33110",0,0,1,0
"AT1G33590",0,0,1,0
"AT1G33600",0,0,1,0
"AT1G34670",0,0,1,0
"AT1G35210",0,0,1,0
"AT1G35730",0,0,1,0
"AT1G36370",0,0,1,0
"AT1G43160",0,0,1,0
"AT1G43770",0,0,1,0
"AT1G45230",0,0,1,0
"AT1G45249",0,0,1,0
"AT1G45976",0,0,1,0
"AT1G46554",0,0,1,0
"AT1G46768",0,0,1,0
"AT1G47510",0,0,1,0
"AT1G47530",0,0,1,0
"AT1G47960",0,0,1,0
"AT1G48000",0,0,1,0
"AT1G48100",0,0,1,0
"AT1G48325",0,0,1,0
"AT1G48950",0,0,1,0
"AT1G49650",0,0,1,0
"AT1G49720",0,0,1,0
"AT1G49900",0,0,1,0
"AT1G50260",0,0,1,0
"AT1G50740",0,0,1,0
"AT1G51035",0,0,1,0
"AT1G51140",0,0,1,0
"AT1G51700",0,0,1,0
"AT1G51913",0,0,1,0
"AT1G52342",0,0,1,0
"AT1G52400",0,0,1,0
"AT1G52510",0,0,1,0
"AT1G52560",0,0,1,0
"AT1G52690",0,0,1,0
"AT1G52890",0,0,1,0
"AT1G53090",0,0,1,0
"AT1G53110",0,0,1,0
"AT1G53250",0,0,1,0
"AT1G53270",0,0,1,0
"AT1G53470",0,0,1,0
"AT1G53560",0,0,1,0
"AT1G53580",0,0,1,0
"AT1G53670",0,0,1,0
"AT1G53780",0,0,1,0
"AT1G53980",0,0,1,0
"AT1G54100",0,0,1,0
"AT1G54160",0,0,1,0
"AT1G54290",0,0,1,0
"AT1G54540",0,0,1,0
"AT1G54830",0,0,1,0
"AT1G55110",0,0,1,0
"AT1G55152",0,0,1,0
"AT1G55510",0,0,1,0
"AT1G55525",0,0,1,0
"AT1G55530",0,0,1,0
"AT1G55990",0,0,1,0
"AT1G56165",0,0,1,0
"AT1G56240",0,0,1,0
"AT1G56250",0,0,1,0
"AT1G56300",0,0,1,0
"AT1G56320",0,0,1,0
"AT1G56580",0,0,1,0
"AT1G56600",0,0,1,0
"AT1G56660",0,0,1,0
"AT1G58030",0,0,1,0
"AT1G58170",0,0,1,0
"AT1G58180",0,0,1,0
"AT1G58340",0,0,1,0
"AT1G58360",0,0,1,0
"AT1G58420",0,0,1,0
"AT1G59620",0,0,1,0
"AT1G59740",0,0,1,0
"AT1G60190",0,0,1,0
"AT1G60470",0,0,1,0
"AT1G60730",0,0,1,0
"AT1G60940",0,0,1,0
"AT1G61340",0,0,1,0
"AT1G61620",0,0,1,0
"AT1G61810",0,0,1,0
"AT1G61890",0,0,1,0
"AT1G62300",0,0,1,0
"AT1G62560",0,0,1,0
"AT1G62570",0,0,1,0
"AT1G62620",0,0,1,0
"AT1G62710",0,0,1,0
"AT1G63010",0,0,1,0
"AT1G63090",0,0,1,0
"AT1G63180",0,0,1,0
"AT1G63440",0,0,1,0
"AT1G63720",0,0,1,0
"AT1G63750",0,0,1,0
"AT1G64000",0,0,1,0
"AT1G64065",0,0,1,0
"AT1G64110",0,0,1,0
"AT1G64160",0,0,1,0
"AT1G64370",0,0,1,0
"AT1G64610",0,0,1,0
"AT1G64660",0,0,1,0
"AT1G64820",0,0,1,0
"AT1G64940",0,0,1,0
"AT1G65510",0,0,1,0
"AT1G65570",0,0,1,0
"AT1G65660",0,0,1,0
"AT1G65690",0,0,1,0
"AT1G66040",0,0,1,0
"AT1G66050",0,0,1,0
"AT1G66090",0,0,1,0
"AT1G66160",0,0,1,0
"AT1G66230",0,0,1,0
"AT1G66500",0,0,1,0
"AT1G66540",0,0,1,0
"AT1G66580",0,0,1,0
"AT1G66590",0,0,1,0
"AT1G66700",0,0,1,0
"AT1G66760",0,0,1,0
"AT1G66830",0,0,1,0
"AT1G66880",0,0,1,0
"AT1G67000",0,0,1,0
"AT1G67365",0,0,1,0
"AT1G67470",0,0,1,0
"AT1G67600",0,0,1,0
"AT1G67810",0,0,1,0
"AT1G67850",0,0,1,0
"AT1G67970",0,0,1,0
"AT1G67980",0,0,1,0
"AT1G68020",0,0,1,0
"AT1G68050",0,0,1,0
"AT1G68290",0,0,1,0
"AT1G68500",0,0,1,0
"AT1G68530",0,0,1,0
"AT1G68620",0,0,1,0
"AT1G68830",0,0,1,0
"AT1G68850",0,0,1,0
"AT1G69252",0,0,1,0
"AT1G69260",0,0,1,0
"AT1G69295",0,0,1,0
"AT1G69360",0,0,1,0
"AT1G69410",0,0,1,0
"AT1G69430",0,0,1,0
"AT1G69480",0,0,1,0
"AT1G69485",0,0,1,0
"AT1G69530",0,0,1,0
"AT1G69600",0,0,1,0
"AT1G69610",0,0,1,0
"AT1G69840",0,0,1,0
"AT1G69870",0,0,1,0
"AT1G69920",0,0,1,0
"AT1G70130",0,0,1,0
"AT1G70150",0,0,1,0
"AT1G70440",0,0,1,0
"AT1G70780",0,0,1,0
"AT1G70790",0,0,1,0
"AT1G70800",0,0,1,0
"AT1G70920",0,0,1,0
"AT1G71030",0,0,1,0
"AT1G71040",0,0,1,0
"AT1G71380",0,0,1,0
"AT1G71500",0,0,1,0
"AT1G71520",0,0,1,0
"AT1G71697",0,0,1,0
"AT1G71950",0,0,1,0
"AT1G71960",0,0,1,0
"AT1G72070",0,0,1,0
"AT1G72120",0,0,1,0
"AT1G72175",0,0,1,0
"AT1G72210",0,0,1,0
"AT1G72520",0,0,1,0
"AT1G72680",0,0,1,0
"AT1G72770",0,0,1,0
"AT1G72920",0,0,1,0
"AT1G72930",0,0,1,0
"AT1G73010",0,0,1,0
"AT1G73040",0,0,1,0
"AT1G73165",0,0,1,0
"AT1G73220",0,0,1,0
"AT1G73390",0,0,1,0
"AT1G73480",0,0,1,0
"AT1G73730",0,0,1,0
"AT1G73740",0,0,1,0
"AT1G73750",0,0,1,0
"AT1G73810",0,0,1,0
"AT1G73850",0,0,1,0
"AT1G73880",0,0,1,0
"AT1G73920",0,0,1,0
"AT1G74000",0,0,1,0
"AT1G74010",0,0,1,0
"AT1G74020",0,0,1,0
"AT1G74360",0,0,1,0
"AT1G74370",0,0,1,0
"AT1G75030",0,0,1,0
"AT1G75170",0,0,1,0
"AT1G75370",0,0,1,0
"AT1G75450",0,0,1,0
"AT1G75460",0,0,1,0
"AT1G75490",0,0,1,0
"AT1G75600",0,0,1,0
"AT1G75770",0,0,1,0
"AT1G76040",0,0,1,0
"AT1G76130",0,0,1,0
"AT1G76180",0,0,1,0
"AT1G76590",0,0,1,0
"AT1G76650",0,0,1,0
"AT1G76700",0,0,1,0
"AT1G76980",0,0,1,0
"AT1G77000",0,0,1,0
"AT1G77090",0,0,1,0
"AT1G77730",0,0,1,0
"AT1G77765",0,0,1,0
"AT1G78070",0,0,1,0
"AT1G78210",0,0,1,0
"AT1G78230",0,0,1,0
"AT1G78480",0,0,1,0
"AT1G78610",0,0,1,0
"AT1G78780",0,0,1,0
"AT1G78830",0,0,1,0
"AT1G79160",0,0,1,0
"AT1G79270",0,0,1,0
"AT1G79520",0,0,1,0
"AT1G79700",0,0,1,0
"AT1G79900",0,0,1,0
"AT1G80110",0,0,1,0
"AT1G80160",0,0,1,0
"AT1G80450",0,0,1,0
"AT1G80820",0,0,1,0
"AT1G80840",0,0,1,0
"AT2G01150",0,0,1,0
"AT2G01300",0,0,1,0
"AT2G01340",0,0,1,0
"AT2G01430",0,0,1,0
"AT2G01490",0,0,1,0
"AT2G02010",0,0,1,0
"AT2G02060",0,0,1,0
"AT2G02540",0,0,1,0
"AT2G02930",0,0,1,0
"AT2G02990",0,0,1,0
"AT2G03690",0,0,1,0
"AT2G04350",0,0,1,0
"AT2G05100",0,0,1,0
"AT2G05520",0,0,1,0
"AT2G05540",0,0,1,0
"AT2G07080",0,0,1,0
"AT2G11891",0,0,1,0
"AT2G13665",0,0,1,0
"AT2G13960",0,0,1,0
"AT2G14210",0,0,1,0
"AT2G14290",0,0,1,0
"AT2G15960",0,0,1,0
"AT2G15970",0,0,1,0
"AT2G16365",0,0,1,0
"AT2G16700",0,0,1,0
"AT2G16710",0,0,1,0
"AT2G16890",0,0,1,0
"AT2G16900",0,0,1,0
"AT2G16990",0,0,1,0
"AT2G17220",0,0,1,0
"AT2G17440",0,0,1,0
"AT2G17450",0,0,1,0
"AT2G17660",0,0,1,0
"AT2G17760",0,0,1,0
"AT2G17840",0,0,1,0
"AT2G18150",0,0,1,0
"AT2G18170",0,0,1,0
"AT2G18480",0,0,1,0
"AT2G18500",0,0,1,0
"AT2G18550",0,0,1,0
"AT2G18670",0,0,1,0
"AT2G18690",0,0,1,0
"AT2G18890",0,0,1,0
"AT2G19190",0,0,1,0
"AT2G19330",0,0,1,0
"AT2G19450",0,0,1,0
"AT2G19900",0,0,1,0
"AT2G20560",0,0,1,0
"AT2G20825",0,0,1,0
"AT2G20880",0,0,1,0
"AT2G21080",0,0,1,0
"AT2G21130",0,0,1,0
"AT2G21180",0,0,1,0
"AT2G21188",0,0,1,0
"AT2G21430",0,0,1,0
"AT2G21780",0,0,1,0
"AT2G21820",0,0,1,0
"AT2G22240",0,0,1,0
"AT2G22430",0,0,1,0
"AT2G22500",0,0,1,0
"AT2G22510",0,0,1,0
"AT2G22680",0,0,1,0
"AT2G22860",0,0,1,0
"AT2G22880",0,0,1,0
"AT2G22990",0,0,1,0
"AT2G23030",0,0,1,0
"AT2G23120",0,0,1,0
"AT2G23170",0,0,1,0
"AT2G23320",0,0,1,0
"AT2G23420",0,0,1,0
"AT2G23430",0,0,1,0
"AT2G23610",0,0,1,0
"AT2G23810",0,0,1,0
"AT2G24100",0,0,1,0
"AT2G24130",0,0,1,0
"AT2G24260",0,0,1,0
"AT2G24490",0,0,1,0
"AT2G24500",0,0,1,0
"AT2G24600",0,0,1,0
"AT2G25450",0,0,1,0
"AT2G25690",0,0,1,0
"AT2G25940",0,0,1,0
"AT2G26070",0,0,1,0
"AT2G26250",0,0,1,0
"AT2G26380",0,0,1,0
"AT2G26430",0,0,1,0
"AT2G26530",0,0,1,0
"AT2G26560",0,0,1,0
"AT2G26690",0,0,1,0
"AT2G26740",0,0,1,0
"AT2G26870",0,0,1,0
"AT2G27550",0,0,1,0
"AT2G27830",0,0,1,0
"AT2G28040",0,0,1,0
"AT2G28140",0,0,1,0
"AT2G28210",0,0,1,0
"AT2G28305",0,0,1,0
"AT2G28500",0,0,1,0
"AT2G28650",0,0,1,0
"AT2G28690",0,0,1,0
"AT2G29340",0,0,1,0
"AT2G29450",0,0,1,0
"AT2G29460",0,0,1,0
"AT2G29480",0,0,1,0
"AT2G29670",0,0,1,0
"AT2G30070",0,0,1,0
"AT2G30130",0,0,1,0
"AT2G30140",0,0,1,0
"AT2G30400",0,0,1,0
"AT2G30500",0,0,1,0
"AT2G30550",0,0,1,0
"AT2G30620",0,0,1,0
"AT2G30640",0,0,1,0
"AT2G30750",0,0,1,0
"AT2G30950",0,0,1,0
"AT2G31180",0,0,1,0
"AT2G31380",0,0,1,0
"AT2G31945",0,0,1,0
"AT2G31955",0,0,1,0
"AT2G31980",0,0,1,0
"AT2G32140",0,0,1,0
"AT2G32190",0,0,1,0
"AT2G32510",0,0,1,0
"AT2G32710",0,0,1,0
"AT2G33310",0,0,1,0
"AT2G33580",0,0,1,0
"AT2G33830",0,0,1,0
"AT2G34140",0,0,1,0
"AT2G34460",0,0,1,0
"AT2G34500",0,0,1,0
"AT2G34600",0,0,1,0
"AT2G34610",0,0,1,0
"AT2G34790",0,0,1,0
"AT2G34810",0,0,1,0
"AT2G34850",0,0,1,0
"AT2G34930",0,0,1,0
"AT2G35200",0,0,1,0
"AT2G35700",0,0,1,0
"AT2G35760",0,0,1,0
"AT2G35900",0,0,1,0
"AT2G35940",0,0,1,0
"AT2G35950",0,0,1,0
"AT2G35960",0,0,1,0
"AT2G36220",0,0,1,0
"AT2G36650",0,0,1,0
"AT2G36710",0,0,1,0
"AT2G36835",0,0,1,0
"AT2G37060",0,0,1,0
"AT2G37240",0,0,1,0
"AT2G37640",0,0,1,0
"AT2G37760",0,0,1,0
"AT2G37870",0,0,1,0
"AT2G38210",0,0,1,0
"AT2G38230",0,0,1,0
"AT2G38240",0,0,1,0
"AT2G38250",0,0,1,0
"AT2G38465",0,0,1,0
"AT2G38470",0,0,1,0
"AT2G38530",0,0,1,0
"AT2G38540",0,0,1,0
"AT2G38980",0,0,1,0
"AT2G39100",0,0,1,0
"AT2G39110",0,0,1,0
"AT2G39200",0,0,1,0
"AT2G39350",0,0,1,0
"AT2G39400",0,0,1,0
"AT2G39510",0,0,1,0
"AT2G39650",0,0,1,0
"AT2G39710",0,0,1,0
"AT2G39725",0,0,1,0
"AT2G39800",0,0,1,0
"AT2G39920",0,0,1,0
"AT2G39980",0,0,1,0
"AT2G40000",0,0,1,0
"AT2G40080",0,0,1,0
"AT2G40100",0,0,1,0
"AT2G40130",0,0,1,0
"AT2G40140",0,0,1,0
"AT2G40170",0,0,1,0
"AT2G40340",0,0,1,0
"AT2G40370",0,0,1,0
"AT2G40460",0,0,1,0
"AT2G40670",0,0,1,0
"AT2G40880",0,0,1,0
"AT2G40900",0,0,1,0
"AT2G40910",0,0,1,0
"AT2G41010",0,0,1,0
"AT2G41100",0,0,1,0
"AT2G41170",0,0,1,0
"AT2G41190",0,0,1,0
"AT2G41210",0,0,1,0
"AT2G41230",0,0,1,0
"AT2G41250",0,0,1,0
"AT2G41500",0,0,1,0
"AT2G41630",0,0,1,0
"AT2G41660",0,0,1,0
"AT2G41690",0,0,1,0
"AT2G41700",0,0,1,0
"AT2G41810",0,0,1,0
"AT2G41870",0,0,1,0
"AT2G41880",0,0,1,0
"AT2G42430",0,0,1,0
"AT2G42440",0,0,1,0
"AT2G42530",0,0,1,0
"AT2G42540",0,0,1,0
"AT2G42790",0,0,1,0
"AT2G42975",0,0,1,0
"AT2G43500",0,0,1,0
"AT2G43510",0,0,1,0
"AT2G43540",0,0,1,0
"AT2G43570",0,0,1,0
"AT2G43820",0,0,1,0
"AT2G43870",0,0,1,0
"AT2G43890",0,0,1,0
"AT2G43920",0,0,1,0
"AT2G43930",0,0,1,0
"AT2G44130",0,0,1,0
"AT2G44220",0,0,1,0
"AT2G44280",0,0,1,0
"AT2G44290",0,0,1,0
"AT2G44410",0,0,1,0
"AT2G44480",0,0,1,0
"AT2G44578",0,0,1,0
"AT2G44840",0,0,1,0
"AT2G44910",0,0,1,0
"AT2G45050",0,0,1,0
"AT2G45450",0,0,1,0
"AT2G45970",0,0,1,0
"AT2G46130",0,0,1,0
"AT2G46270",0,0,1,0
"AT2G46400",0,0,1,0
"AT2G46590",0,0,1,0
"AT2G46670",0,0,1,0
"AT2G46750",0,0,1,0
"AT2G46830",0,0,1,0
"AT2G46950",0,0,1,0
"AT2G47180",0,0,1,0
"AT2G47190",0,0,1,0
"AT2G47240",0,0,1,0
"AT2G47260",0,0,1,0
"AT2G47400",0,0,1,0
"AT2G47600",0,0,1,0
"AT2G47630",0,0,1,0
"AT2G47710",0,0,1,0
"AT2G47750",0,0,1,0
"AT2G47780",0,0,1,0
"AT2G47800",0,0,1,0
"AT2G47950",0,0,1,0
"AT2G48140",0,0,1,0
"AT3G01060",0,0,1,0
"AT3G01420",0,0,1,0
"AT3G01490",0,0,1,0
"AT3G01500",0,0,1,0
"AT3G01590",0,0,1,0
"AT3G01820",0,0,1,0
"AT3G01830",0,0,1,0
"AT3G01970",0,0,1,0
"AT3G02410",0,0,1,0
"AT3G02480",0,0,1,0
"AT3G02500",0,0,1,0
"AT3G02740",0,0,1,0
"AT3G02800",0,0,1,0
"AT3G02840",0,0,1,0
"AT3G02940",0,0,1,0
"AT3G02990",0,0,1,0
"AT3G03020",0,0,1,0
"AT3G03150",0,0,1,0
"AT3G03170",0,0,1,0
"AT3G03310",0,0,1,0
"AT3G03440",0,0,1,0
"AT3G03640",0,0,1,0
"AT3G03990",0,0,1,0
"AT3G04010",0,0,1,0
"AT3G04040",0,0,1,0
"AT3G04050",0,0,1,0
"AT3G04070",0,0,1,0
"AT3G04220",0,0,1,0
"AT3G04360",0,0,1,0
"AT3G04420",0,0,1,0
"AT3G04640",0,0,1,0
"AT3G04720",0,0,1,0
"AT3G04870",0,0,1,0
"AT3G05630",0,0,1,0
"AT3G05880",0,0,1,0
"AT3G05937",0,0,1,0
"AT3G06483",0,0,1,0
"AT3G06490",0,0,1,0
"AT3G07350",0,0,1,0
"AT3G07560",0,0,1,0
"AT3G07650",0,0,1,0
"AT3G07700",0,0,1,0
"AT3G08010",0,0,1,0
"AT3G08030",0,0,1,0
"AT3G08720",0,0,1,0
"AT3G08730",0,0,1,0
"AT3G08760",0,0,1,0
"AT3G09390",0,0,1,0
"AT3G09600",0,0,1,0
"AT3G09910",0,0,1,0
"AT3G10130",0,0,1,0
"AT3G10450",0,0,1,0
"AT3G10815",0,0,1,0
"AT3G10820",0,0,1,0
"AT3G10880",0,0,1,0
"AT3G10960",0,0,1,0
"AT3G10986",0,0,1,0
"AT3G11020",0,0,1,0
"AT3G11410",0,0,1,0
"AT3G11420",0,0,1,0
"AT3G11430",0,0,1,0
"AT3G11440",0,0,1,0
"AT3G11840",0,0,1,0
"AT3G11930",0,0,1,0
"AT3G12320",0,0,1,0
"AT3G12500",0,0,1,0
"AT3G12510",0,0,1,0
"AT3G12520",0,0,1,0
"AT3G12580",0,0,1,0
"AT3G13020",0,0,1,0
"AT3G13065",0,0,1,0
"AT3G13080",0,0,1,0
"AT3G13270",0,0,1,0
"AT3G13660",0,0,1,0
"AT3G14070",0,0,1,0
"AT3G14180",0,0,1,0
"AT3G14280",0,0,1,0
"AT3G14440",0,0,1,0
"AT3G14560",0,0,1,0
"AT3G14590",0,0,1,0
"AT3G14595",0,0,1,0
"AT3G14620",0,0,1,0
"AT3G14690",0,0,1,0
"AT3G14750",0,0,1,0
"AT3G14770",0,0,1,0
"AT3G14810",0,0,1,0
"AT3G14990",0,0,1,0
"AT3G15200",0,0,1,0
"AT3G15210",0,0,1,0
"AT3G15350",0,0,1,0
"AT3G15356",0,0,1,0
"AT3G15500",0,0,1,0
"AT3G15518",0,0,1,0
"AT3G15650",0,0,1,0
"AT3G15670",0,0,1,0
"AT3G15760",0,0,1,0
"AT3G15790",0,0,1,0
"AT3G15840",0,0,1,0
"AT3G15850",0,0,1,0
"AT3G15990",0,0,1,0
"AT3G16175",0,0,1,0
"AT3G16330",0,0,1,0
"AT3G16360",0,0,1,0
"AT3G16770",0,0,1,0
"AT3G16800",0,0,1,0
"AT3G16860",0,0,1,0
"AT3G17110",0,0,1,0
"AT3G17130",0,0,1,0
"AT3G17510",0,0,1,0
"AT3G17690",0,0,1,0
"AT3G17770",0,0,1,0
"AT3G17790",0,0,1,0
"AT3G18145",0,0,1,0
"AT3G18400",0,0,1,0
"AT3G18715",0,0,1,0
"AT3G18950",0,0,1,0
"AT3G19390",0,0,1,0
"AT3G19580",0,0,1,0
"AT3G19615",0,0,1,0
"AT3G20300",0,0,1,0
"AT3G20340",0,0,1,0
"AT3G20810",0,0,1,0
"AT3G21520",0,0,1,0
"AT3G21690",0,0,1,0
"AT3G21720",0,0,1,0
"AT3G21780",0,0,1,0
"AT3G21890",0,0,1,0
"AT3G22530",0,0,1,0
"AT3G22550",0,0,1,0
"AT3G22620",0,0,1,0
"AT3G22750",0,0,1,0
"AT3G22830",0,0,1,0
"AT3G22910",0,0,1,0
"AT3G23030",0,0,1,0
"AT3G23080",0,0,1,0
"AT3G23120",0,0,1,0
"AT3G23170",0,0,1,0
"AT3G23250",0,0,1,0
"AT3G23260",0,0,1,0
"AT3G23400",0,0,1,0
"AT3G23550",0,0,1,0
"AT3G23920",0,0,1,0
"AT3G24310",0,0,1,0
"AT3G24982",0,0,1,0
"AT3G25030",0,0,1,0
"AT3G25620",0,0,1,0
"AT3G25870",0,0,1,0
"AT3G26580",0,0,1,0
"AT3G26740",0,0,1,0
"AT3G26830",0,0,1,0
"AT3G27270",0,0,1,0
"AT3G27440",0,0,1,0
"AT3G27820",0,0,1,0
"AT3G27870",0,0,1,0
"AT3G28210",0,0,1,0
"AT3G28580",0,0,1,0
"AT3G28600",0,0,1,0
"AT3G28620",0,0,1,0
"AT3G29575",0,0,1,0
"AT3G29670",0,0,1,0
"AT3G30725",0,0,1,0
"AT3G42850",0,0,1,0
"AT3G43270",0,0,1,0
"AT3G44260",0,0,1,0
"AT3G44290",0,0,1,0
"AT3G44300",0,0,1,0
"AT3G44540",0,0,1,0
"AT3G44550",0,0,1,0
"AT3G44880",0,0,1,0
"AT3G45060",0,0,1,0
"AT3G45730",0,0,1,0
"AT3G45960",0,0,1,0
"AT3G46110",0,0,1,0
"AT3G46230",0,0,1,0
"AT3G46450",0,0,1,0
"AT3G46660",0,0,1,0
"AT3G46680",0,0,1,0
"AT3G47340",0,0,1,0
"AT3G47380",0,0,1,0
"AT3G47420",0,0,1,0
"AT3G47490",0,0,1,0
"AT3G47510",0,0,1,0
"AT3G47580",0,0,1,0
"AT3G47640",0,0,1,0
"AT3G47960",0,0,1,0
"AT3G48020",0,0,1,0
"AT3G48380",0,0,1,0
"AT3G48440",0,0,1,0
"AT3G48450",0,0,1,0
"AT3G48510",0,0,1,0
"AT3G48520",0,0,1,0
"AT3G48530",0,0,1,0
"AT3G48580",0,0,1,0
"AT3G48690",0,0,1,0
"AT3G49160",0,0,1,0
"AT3G49530",0,0,1,0
"AT3G49570",0,0,1,0
"AT3G49590",0,0,1,0
"AT3G49690",0,0,1,0
"AT3G50400",0,0,1,0
"AT3G50410",0,0,1,0
"AT3G50910",0,0,1,0
"AT3G50930",0,0,1,0
"AT3G50970",0,0,1,0
"AT3G51090",0,0,1,0
"AT3G51510",0,0,1,0
"AT3G51600",0,0,1,0
"AT3G51860",0,0,1,0
"AT3G51890",0,0,1,0
"AT3G51895",0,0,1,0
"AT3G52340",0,0,1,0
"AT3G52605",0,0,1,0
"AT3G52748",0,0,1,0
"AT3G52770",0,0,1,0
"AT3G52820",0,0,1,0
"AT3G53040",0,0,1,0
"AT3G53130",0,0,1,0
"AT3G53160",0,0,1,0
"AT3G53180",0,0,1,0
"AT3G53400",0,0,1,0
"AT3G53510",0,0,1,0
"AT3G53540",0,0,1,0
"AT3G53720",0,0,1,0
"AT3G53960",0,0,1,0
"AT3G54020",0,0,1,0
"AT3G54130",0,0,1,0
"AT3G54140",0,0,1,0
"AT3G54150",0,0,1,0
"AT3G54520",0,0,1,0
"AT3G54680",0,0,1,0
"AT3G55090",0,0,1,0
"AT3G55430",0,0,1,0
"AT3G55500",0,0,1,0
"AT3G55600",0,0,1,0
"AT3G55840",0,0,1,0
"AT3G55980",0,0,1,0
"AT3G56275",0,0,1,0
"AT3G56620",0,0,1,0
"AT3G56880",0,0,1,0
"AT3G57010",0,0,1,0
"AT3G57380",0,0,1,0
"AT3G57540",0,0,1,0
"AT3G57760",0,0,1,0
"AT3G57880",0,0,1,0
"AT3G58270",0,0,1,0
"AT3G58770",0,0,1,0
"AT3G58780",0,0,1,0
"AT3G59080",0,0,1,0
"AT3G59220",0,0,1,0
"AT3G59480",0,0,1,0
"AT3G59850",0,0,1,0
"AT3G59900",0,0,1,0
"AT3G59940",0,0,1,0
"AT3G60120",0,0,1,0
"AT3G60150",0,0,1,0
"AT3G60220",0,0,1,0
"AT3G60390",0,0,1,0
"AT3G60670",0,0,1,0
"AT3G60930",0,0,1,0
"AT3G61160",0,0,1,0
"AT3G61450",0,0,1,0
"AT3G61890",0,0,1,0
"AT3G61980",0,0,1,0
"AT3G62070",0,0,1,0
"AT3G62090",0,0,1,0
"AT3G62100",0,0,1,0
"AT3G62150",0,0,1,0
"AT3G62260",0,0,1,0
"AT3G62590",0,0,1,0
"AT3G62650",0,0,1,0
"AT3G62700",0,0,1,0
"AT3G62730",0,0,1,0
"AT3G62740",0,0,1,0
"AT3G62820",0,0,1,0
"AT3G62920",0,0,1,0
"AT3G62980",0,0,1,0
"AT3G63050",0,0,1,0
"AT3G63060",0,0,1,0
"AT3G63440",0,0,1,0
"AT3G63445",0,0,1,0
"AT4G00200",0,0,1,0
"AT4G00305",0,0,1,0
"AT4G00490",0,0,1,0
"AT4G00940",0,0,1,0
"AT4G01000",0,0,1,0
"AT4G01026",0,0,1,0
"AT4G01250",0,0,1,0
"AT4G01360",0,0,1,0
"AT4G01460",0,0,1,0
"AT4G01670",0,0,1,0
"AT4G01870",0,0,1,0
"AT4G01935",0,0,1,0
"AT4G01940",0,0,1,0
"AT4G01985",0,0,1,0
"AT4G02020",0,0,1,0
"AT4G02280",0,0,1,0
"AT4G02520",0,0,1,0
"AT4G02880",0,0,1,0
"AT4G03140",0,0,1,0
"AT4G03540",0,0,1,0
"AT4G04020",0,0,1,0
"AT4G04610",0,0,1,0
"AT4G04620",0,0,1,0
"AT4G05100",0,0,1,0
"AT4G05380",0,0,1,0
"AT4G08780",0,0,1,0
"AT4G09760",0,0,1,0
"AT4G10500",0,0,1,0
"AT4G10580",0,0,1,0
"AT4G10960",0,0,1,0
"AT4G11170",0,0,1,0
"AT4G11220",0,0,1,0
"AT4G11280",0,0,1,0
"AT4G11350",0,0,1,0
"AT4G11360",0,0,1,0
"AT4G11370",0,0,1,0
"AT4G11570",0,0,1,0
"AT4G11600",0,0,1,0
"AT4G11880",0,0,1,0
"AT4G12000",0,0,1,0
"AT4G12250",0,0,1,0
"AT4G12290",0,0,1,0
"AT4G12410",0,0,1,0
"AT4G12430",0,0,1,0
"AT4G12580",0,0,1,0
"AT4G13010",0,0,1,0
"AT4G13030",0,0,1,0
"AT4G13110",0,0,1,0
"AT4G13195",0,0,1,0
"AT4G13250",0,0,1,0
"AT4G13345",0,0,1,0
"AT4G13395",0,0,1,0
"AT4G13550",0,0,1,0
"AT4G13710",0,0,1,0
"AT4G13920",0,0,1,0
"AT4G14365",0,0,1,0
"AT4G14440",0,0,1,0
"AT4G14450",0,0,1,0
"AT4G15120",0,0,1,0
"AT4G15610",0,0,1,0
"AT4G15630",0,0,1,0
"AT4G16050",0,0,1,0
"AT4G16190",0,0,1,0
"AT4G16220",0,0,1,0
"AT4G16250",0,0,1,0
"AT4G16442",0,0,1,0
"AT4G16620",0,0,1,0
"AT4G16640",0,0,1,0
"AT4G16750",0,0,1,0
"AT4G16760",0,0,1,0
"AT4G16820",0,0,1,0
"AT4G17090",0,0,1,0
"AT4G17230",0,0,1,0
"AT4G17490",0,0,1,0
"AT4G17550",0,0,1,0
"AT4G17785",0,0,1,0
"AT4G17840",0,0,1,0
"AT4G17940",0,0,1,0
"AT4G18010",0,0,1,0
"AT4G18020",0,0,1,0
"AT4G18170",0,0,1,0
"AT4G18280",0,0,1,0
"AT4G18700",0,0,1,0
"AT4G18810",0,0,1,0
"AT4G19200",0,0,1,0
"AT4G19230",0,0,1,0
"AT4G19400",0,0,1,0
"AT4G19460",0,0,1,0
"AT4G19720",0,0,1,0
"AT4G19810",0,0,1,0
"AT4G19960",0,0,1,0
"AT4G20830",0,0,1,0
"AT4G20930",0,0,1,0
"AT4G21120",0,0,1,0
"AT4G21320",0,0,1,0
"AT4G21323",0,0,1,0
"AT4G21480",0,0,1,0
"AT4G21570",0,0,1,0
"AT4G21620",0,0,1,0
"AT4G21650",0,0,1,0
"AT4G21680",0,0,1,0
"AT4G22240",0,0,1,0
"AT4G22470",0,0,1,0
"AT4G22530",0,0,1,0
"AT4G22690",0,0,1,0
"AT4G22710",0,0,1,0
"AT4G22745",0,0,1,0
"AT4G22920",0,0,1,0
"AT4G22950",0,0,1,0
"AT4G22980",0,0,1,0
"AT4G22990",0,0,1,0
"AT4G23050",0,0,1,0
"AT4G23060",0,0,1,0
"AT4G23190",0,0,1,0
"AT4G23250",0,0,1,0
"AT4G23450",0,0,1,0
"AT4G23630",0,0,1,0
"AT4G23810",0,0,1,0
"AT4G23840",0,0,1,0
"AT4G23920",0,0,1,0
"AT4G24040",0,0,1,0
"AT4G24130",0,0,1,0
"AT4G24204",0,0,1,0
"AT4G24380",0,0,1,0
"AT4G24415",0,0,1,0
"AT4G24430",0,0,1,0
"AT4G24960",0,0,1,0
"AT4G25390",0,0,1,0
"AT4G25433",0,0,1,0
"AT4G25490",0,0,1,0
"AT4G25670",0,0,1,0
"AT4G25690",0,0,1,0
"AT4G25700",0,0,1,0
"AT4G25810",0,0,1,0
"AT4G25960",0,0,1,0
"AT4G26080",0,0,1,0
"AT4G26090",0,0,1,0
"AT4G26200",0,0,1,0
"AT4G26270",0,0,1,0
"AT4G26490",0,0,1,0
"AT4G26700",0,0,1,0
"AT4G27020",0,0,1,0
"AT4G27410",0,0,1,0
"AT4G27520",0,0,1,0
"AT4G27530",0,0,1,0
"AT4G27560",0,0,1,0
"AT4G27654",0,0,1,0
"AT4G27657",0,0,1,0
"AT4G27820",0,0,1,0
"AT4G27830",0,0,1,0
"AT4G27940",0,0,1,0
"AT4G28020",0,0,1,0
"AT4G28080",0,0,1,0
"AT4G28140",0,0,1,0
"AT4G28350",0,0,1,0
"AT4G28530",0,0,1,0
"AT4G28703",0,0,1,0
"AT4G29070",0,0,1,0
"AT4G29190",0,0,1,0
"AT4G29670",0,0,1,0
"AT4G29780",0,0,1,0
"AT4G29820",0,0,1,0
"AT4G29850",0,0,1,0
"AT4G29930",0,0,1,0
"AT4G30270",0,0,1,0
"AT4G30460",0,0,1,0
"AT4G30470",0,0,1,0
"AT4G30830",0,0,1,0
"AT4G30850",0,0,1,0
"AT4G30935",0,0,1,0
"AT4G31240",0,0,1,0
"AT4G31290",0,0,1,0
"AT4G31390",0,0,1,0
"AT4G31510",0,0,1,0
"AT4G31800",0,0,1,0
"AT4G31860",0,0,1,0
"AT4G32190",0,0,1,0
"AT4G32295",0,0,1,0
"AT4G32320",0,0,1,0
"AT4G32770",0,0,1,0
"AT4G32810",0,0,1,0
"AT4G32980",0,0,1,0
"AT4G33420",0,0,1,0
"AT4G33540",0,0,1,0
"AT4G33550",0,0,1,0
"AT4G33610",0,0,1,0
"AT4G33660",0,0,1,0
"AT4G33905",0,0,1,0
"AT4G33950",0,0,1,0
"AT4G34000",0,0,1,0
"AT4G34060",0,0,1,0
"AT4G34190",0,0,1,0
"AT4G34230",0,0,1,0
"AT4G34320",0,0,1,0
"AT4G34350",0,0,1,0
"AT4G34380",0,0,1,0
"AT4G34410",0,0,1,0
"AT4G34610",0,0,1,0
"AT4G34650",0,0,1,0
"AT4G34710",0,0,1,0
"AT4G34890",0,0,1,0
"AT4G34970",0,0,1,0
"AT4G34990",0,0,1,0
"AT4G35070",0,0,1,0
"AT4G35180",0,0,1,0
"AT4G35190",0,0,1,0
"AT4G35480",0,0,1,0
"AT4G35510",0,0,1,0
"AT4G35550",0,0,1,0
"AT4G35770",0,0,1,0
"AT4G35790",0,0,1,0
"AT4G36010",0,0,1,0
"AT4G36360",0,0,1,0
"AT4G36430",0,0,1,0
"AT4G36610",0,0,1,0
"AT4G36740",0,0,1,0
"AT4G36790",0,0,1,0
"AT4G36930",0,0,1,0
"AT4G36950",0,0,1,0
"AT4G37150",0,0,1,0
"AT4G37180",0,0,1,0
"AT4G37225",0,0,1,0
"AT4G37295",0,0,1,0
"AT4G37370",0,0,1,0
"AT4G37760",0,0,1,0
"AT4G37780",0,0,1,0
"AT4G37790",0,0,1,0
"AT4G37800",0,0,1,0
"AT4G37980",0,0,1,0
"AT4G38060",0,0,1,0
"AT4G38410",0,0,1,0
"AT4G38580",0,0,1,0
"AT4G39090",0,0,1,0
"AT4G39580",0,0,1,0
"AT4G39700",0,0,1,0
"AT4G39720",0,0,1,0
"AT4G39830",0,0,1,0
"AT4G40010",0,0,1,0
"AT5G01100",0,0,1,0
"AT5G01260",0,0,1,0
"AT5G01380",0,0,1,0
"AT5G01410",0,0,1,0
"AT5G01600",0,0,1,0
"AT5G01670",0,0,1,0
"AT5G01820",0,0,1,0
"AT5G02030",0,0,1,0
"AT5G02120",0,0,1,0
"AT5G02150",0,0,1,0
"AT5G02160",0,0,1,0
"AT5G02230",0,0,1,0
"AT5G02570",0,0,1,0
"AT5G02580",0,0,1,0
"AT5G02860",0,0,1,0
"AT5G03180",0,0,1,0
"AT5G03190",0,0,1,0
"AT5G03210",0,0,1,0
"AT5G03490",0,0,1,0
"AT5G03495",0,0,1,0
"AT5G03680",0,0,1,0
"AT5G03720",0,0,1,0
"AT5G03860",0,0,1,0
"AT5G04000",0,0,1,0
"AT5G04080",0,0,1,0
"AT5G04200",0,0,1,0
"AT5G04220",0,0,1,0
"AT5G04250",0,0,1,0
"AT5G04340",0,0,1,0
"AT5G04370",0,0,1,0
"AT5G04660",0,0,1,0
"AT5G04760",0,0,1,0
"AT5G04770",0,0,1,0
"AT5G05340",0,0,1,0
"AT5G05365",0,0,1,0
"AT5G05390",0,0,1,0
"AT5G05410",0,0,1,0
"AT5G05550",0,0,1,0
"AT5G05690",0,0,1,0
"AT5G05965",0,0,1,0
"AT5G06090",0,0,1,0
"AT5G06320",0,0,1,0
"AT5G06370",0,0,1,0
"AT5G06530",0,0,1,0
"AT5G06720",0,0,1,0
"AT5G06760",0,0,1,0
"AT5G06980",0,0,1,0
"AT5G07010",0,0,1,0
"AT5G07130",0,0,1,0
"AT5G07290",0,0,1,0
"AT5G07330",0,0,1,0
"AT5G08000",0,0,1,0
"AT5G08050",0,0,1,0
"AT5G08250",0,0,1,0
"AT5G08380",0,0,1,0
"AT5G09520",0,0,1,0
"AT5G09530",0,0,1,0
"AT5G09800",0,0,1,0
"AT5G10100",0,0,1,0
"AT5G10150",0,0,1,0
"AT5G10180",0,0,1,0
"AT5G10300",0,0,1,0
"AT5G10380",0,0,1,0
"AT5G10695",0,0,1,0
"AT5G11070",0,0,1,0
"AT5G11110",0,0,1,0
"AT5G11140",0,0,1,0
"AT5G11210",0,0,1,0
"AT5G11260",0,0,1,0
"AT5G11650",0,0,1,0
"AT5G12010",0,0,1,0
"AT5G12030",0,0,1,0
"AT5G12140",0,0,1,0
"AT5G12330",0,0,1,0
"AT5G12340",0,0,1,0
"AT5G12420",0,0,1,0
"AT5G12840",0,0,1,0
"AT5G13200",0,0,1,0
"AT5G13205",0,0,1,0
"AT5G13210",0,0,1,0
"AT5G13320",0,0,1,0
"AT5G13330",0,0,1,0
"AT5G13360",0,0,1,0
"AT5G13550",0,0,1,0
"AT5G13580",0,0,1,0
"AT5G13700",0,0,1,0
"AT5G13740",0,0,1,0
"AT5G13750",0,0,1,0
"AT5G13790",0,0,1,0
"AT5G13880",0,0,1,0
"AT5G13900",0,0,1,0
"AT5G14080",0,0,1,0
"AT5G14130",0,0,1,0
"AT5G14180",0,0,1,0
"AT5G14230",0,0,1,0
"AT5G14360",0,0,1,0
"AT5G14470",0,0,1,0
"AT5G14480",0,0,1,0
"AT5G14570",0,0,1,0
"AT5G14620",0,0,1,0
"AT5G14700",0,0,1,0
"AT5G14780",0,0,1,0
"AT5G15180",0,0,1,0
"AT5G15190",0,0,1,0
"AT5G15240",0,0,1,0
"AT5G15850",0,0,1,0
"AT5G15960",0,0,1,0
"AT5G15970",0,0,1,0
"AT5G16010",0,0,1,0
"AT5G16360",0,0,1,0
"AT5G16370",0,0,1,0
"AT5G16630",0,0,1,0
"AT5G16770",0,0,1,0
"AT5G16970",0,0,1,0
"AT5G17300",0,0,1,0
"AT5G17350",0,0,1,0
"AT5G17460",0,0,1,0
"AT5G17490",0,0,1,0
"AT5G17600",0,0,1,0
"AT5G17760",0,0,1,0
"AT5G17850",0,0,1,0
"AT5G17860",0,0,1,0
"AT5G17980",0,0,1,0
"AT5G18130",0,0,1,0
"AT5G18470",0,0,1,0
"AT5G19410",0,0,1,0
"AT5G19440",0,0,1,0
"AT5G19850",0,0,1,0
"AT5G19855",0,0,1,0
"AT5G19875",0,0,1,0
"AT5G20220",0,0,1,0
"AT5G20270",0,0,1,0
"AT5G20380",0,0,1,0
"AT5G20710",0,0,1,0
"AT5G21170",0,0,1,0
"AT5G22120",0,0,1,0
"AT5G22290",0,0,1,0
"AT5G22520",0,0,1,0
"AT5G22530",0,0,1,0
"AT5G22545",0,0,1,0
"AT5G22630",0,0,1,0
"AT5G22690",0,0,1,0
"AT5G22720",0,0,1,0
"AT5G22860",0,0,1,0
"AT5G23000",0,0,1,0
"AT5G23155",0,0,1,0
"AT5G23170",0,0,1,0
"AT5G23190",0,0,1,0
"AT5G23220",0,0,1,0
"AT5G23240",0,0,1,0
"AT5G23590",0,0,1,0
"AT5G24110",0,0,1,0
"AT5G24120",0,0,1,0
"AT5G24270",0,0,1,0
"AT5G24320",0,0,1,0
"AT5G24470",0,0,1,0
"AT5G24490",0,0,1,0
"AT5G24530",0,0,1,0
"AT5G24600",0,0,1,0
"AT5G24610",0,0,1,0
"AT5G24800",0,0,1,0
"AT5G24860",0,0,1,0
"AT5G24930",0,0,1,0
"AT5G25110",0,0,1,0
"AT5G25120",0,0,1,0
"AT5G25190",0,0,1,0
"AT5G25220",0,0,1,0
"AT5G25470",0,0,1,0
"AT5G25610",0,0,1,0
"AT5G25830",0,0,1,0
"AT5G25840",0,0,1,0
"AT5G26220",0,0,1,0
"AT5G26340",0,0,1,0
"AT5G27350",0,0,1,0
"AT5G28510",0,0,1,0
"AT5G28520",0,0,1,0
"AT5G28640",0,0,1,0
"AT5G29000",0,0,1,0
"AT5G35110",0,0,1,0
"AT5G35735",0,0,1,0
"AT5G36925",0,0,1,0
"AT5G36960",0,0,1,0
"AT5G37360",0,0,1,0
"AT5G37485",0,0,1,0
"AT5G37490",0,0,1,0
"AT5G37500",0,0,1,0
"AT5G39040",0,0,1,0
"AT5G39050",0,0,1,0
"AT5G39080",0,0,1,0
"AT5G39090",0,0,1,0
"AT5G39410",0,0,1,0
"AT5G39580",0,0,1,0
"AT5G39610",0,0,1,0
"AT5G39670",0,0,1,0
"AT5G39720",0,0,1,0
"AT5G40000",0,0,1,0
"AT5G40390",0,0,1,0
"AT5G40640",0,0,1,0
"AT5G40645",0,0,1,0
"AT5G40670",0,0,1,0
"AT5G40800",0,0,1,0
"AT5G40960",0,0,1,0
"AT5G41040",0,0,1,0
"AT5G41570",0,0,1,0
"AT5G41750",0,0,1,0
"AT5G42050",0,0,1,0
"AT5G42200",0,0,1,0
"AT5G42380",0,0,1,0
"AT5G42570",0,0,1,0
"AT5G42720",0,0,1,0
"AT5G42900",0,0,1,0
"AT5G43260",0,0,1,0
"AT5G43380",0,0,1,0
"AT5G43450",0,0,1,0
"AT5G43570",0,0,1,0
"AT5G43620",0,0,1,0
"AT5G43850",0,0,1,0
"AT5G43860",0,0,1,0
"AT5G43890",0,0,1,0
"AT5G44090",0,0,1,0
"AT5G44417",0,0,1,0
"AT5G44580",0,0,1,0
"AT5G45350",0,0,1,0
"AT5G45630",0,0,1,0
"AT5G45810",0,0,1,0
"AT5G46180",0,0,1,0
"AT5G46295",0,0,1,0
"AT5G46350",0,0,1,0
"AT5G46370",0,0,1,0
"AT5G46590",0,0,1,0
"AT5G46710",0,0,1,0
"AT5G47040",0,0,1,0
"AT5G47070",0,0,1,0
"AT5G47220",0,0,1,0
"AT5G47230",0,0,1,0
"AT5G47450",0,0,1,0
"AT5G47530",0,0,1,0
"AT5G47550",0,0,1,0
"AT5G47635",0,0,1,0
"AT5G47640",0,0,1,0
"AT5G47740",0,0,1,0
"AT5G47810",0,0,1,0
"AT5G48070",0,0,1,0
"AT5G48100",0,0,1,0
"AT5G48180",0,0,1,0
"AT5G48530",0,0,1,0
"AT5G48540",0,0,1,0
"AT5G48850",0,0,1,0
"AT5G48900",0,0,1,0
"AT5G49120",0,0,1,0
"AT5G49440",0,0,1,0
"AT5G49450",0,0,1,0
"AT5G49520",0,0,1,0
"AT5G49665",0,0,1,0
"AT5G49690",0,0,1,0
"AT5G49700",0,0,1,0
"AT5G49900",0,0,1,0
"AT5G50100",0,0,1,0
"AT5G50170",0,0,1,0
"AT5G50260",0,0,1,0
"AT5G50720",0,0,1,0
"AT5G50800",0,0,1,0
"AT5G50920",0,0,1,0
"AT5G51160",0,0,1,0
"AT5G51520",0,0,1,0
"AT5G51830",0,0,1,0
"AT5G51850",0,0,1,0
"AT5G51890",0,0,1,0
"AT5G51920",0,0,1,0
"AT5G52050",0,0,1,0
"AT5G52310",0,0,1,0
"AT5G52330",0,0,1,0
"AT5G52390",0,0,1,0
"AT5G52400",0,0,1,0
"AT5G52420",0,0,1,0
"AT5G52450",0,0,1,0
"AT5G52570",0,0,1,0
"AT5G52660",0,0,1,0
"AT5G52670",0,0,1,0
"AT5G52750",0,0,1,0
"AT5G52870",0,0,1,0
"AT5G53120",0,0,1,0
"AT5G53590",0,0,1,0
"AT5G53820",0,0,1,0
"AT5G53830",0,0,1,0
"AT5G53970",0,0,1,0
"AT5G54080",0,0,1,0
"AT5G54165",0,0,1,0
"AT5G54230",0,0,1,0
"AT5G54300",0,0,1,0
"AT5G54390",0,0,1,0
"AT5G54470",0,0,1,0
"AT5G54585",0,0,1,0
"AT5G54940",0,0,1,0
"AT5G54960",0,0,1,0
"AT5G55090",0,0,1,0
"AT5G55180",0,0,1,0
"AT5G55700",0,0,1,0
"AT5G56270",0,0,1,0
"AT5G56960",0,0,1,0
"AT5G56980",0,0,1,0
"AT5G56990",0,0,1,0
"AT5G57010",0,0,1,0
"AT5G57040",0,0,1,0
"AT5G57050",0,0,1,0
"AT5G57220",0,0,1,0
"AT5G57345",0,0,1,0
"AT5G57350",0,0,1,0
"AT5G57390",0,0,1,0
"AT5G57510",0,0,1,0
"AT5G57560",0,0,1,0
"AT5G57610",0,0,1,0
"AT5G57790",0,0,1,0
"AT5G57900",0,0,1,0
"AT5G57910",0,0,1,0
"AT5G58000",0,0,1,0
"AT5G58070",0,0,1,0
"AT5G58120",0,0,1,0
"AT5G58380",0,0,1,0
"AT5G58670",0,0,1,0
"AT5G58780",0,0,1,0
"AT5G58910",0,0,1,0
"AT5G59030",0,0,1,0
"AT5G59220",0,0,1,0
"AT5G59320",0,0,1,0
"AT5G59340",0,0,1,0
"AT5G59400",0,0,1,0
"AT5G59480",0,0,1,0
"AT5G59490",0,0,1,0
"AT5G59570",0,0,1,0
"AT5G59845",0,0,1,0
"AT5G60270",0,0,1,0
"AT5G60350",0,0,1,0
"AT5G60610",0,0,1,0
"AT5G61430",0,0,1,0
"AT5G61560",0,0,1,0
"AT5G61820",0,0,1,0
"AT5G61890",0,0,1,0
"AT5G62020",0,0,1,0
"AT5G62350",0,0,1,0
"AT5G62360",0,0,1,0
"AT5G62470",0,0,1,0
"AT5G62480",0,0,1,0
"AT5G62520",0,0,1,0
"AT5G62540",0,0,1,0
"AT5G62570",0,0,1,0
"AT5G62770",0,0,1,0
"AT5G62910",0,0,1,0
"AT5G63130",0,0,1,0
"AT5G63350",0,0,1,0
"AT5G63790",0,0,1,0
"AT5G63905",0,0,1,0
"AT5G64170",0,0,1,0
"AT5G64230",0,0,1,0
"AT5G64250",0,0,1,0
"AT5G64310",0,0,1,0
"AT5G64550",0,0,1,0
"AT5G64660",0,0,1,0
"AT5G64750",0,0,1,0
"AT5G64840",0,0,1,0
"AT5G64870",0,0,1,0
"AT5G64890",0,0,1,0
"AT5G64900",0,0,1,0
"AT5G64905",0,0,1,0
"AT5G65280",0,0,1,0
"AT5G65300",0,0,1,0
"AT5G65470",0,0,1,0
"AT5G65590",0,0,1,0
"AT5G65640",0,0,1,0
"AT5G65870",0,0,1,0
"AT5G65890",0,0,1,0
"AT5G65990",0,0,1,0
"AT5G66070",0,0,1,0
"AT5G66110",0,0,1,0
"AT5G66170",0,0,1,0
"AT5G66400",0,0,1,0
"AT5G66460",0,0,1,0
"AT5G66640",0,0,1,0
"AT5G66700",0,0,1,0
"AT5G66880",0,0,1,0
"AT5G67030",0,0,1,0
"AT5G67110",0,0,1,0
"AT5G67140",0,0,1,0
"AT5G67180",0,0,1,0
"AT5G67230",0,0,1,0
"AT5G67340",0,0,1,0
"AT5G67370",0,0,1,0
"AT5G67430",0,0,1,0
"AT5G67440",0,0,1,0
"AT5G67480",0,0,1,0
"AT5G67600",0,0,1,0
"AT1G01430",0,0,0,1
"AT1G01453",0,0,0,1
"AT1G01660",0,0,0,1
"AT1G01750",0,0,0,1
"AT1G02360",0,0,0,1
"AT1G02430",0,0,0,1
"AT1G02440",0,0,0,1
"AT1G02570",0,0,0,1
"AT1G02575",0,0,0,1
"AT1G02730",0,0,0,1
"AT1G02810",0,0,0,1
"AT1G02970",0,0,0,1
"AT1G03010",0,0,0,1
"AT1G03300",0,0,0,1
"AT1G03420",0,0,0,1
"AT1G03457",0,0,0,1
"AT1G03545",0,0,0,1
"AT1G03660",0,0,0,1
"AT1G03780",0,0,0,1
"AT1G03850",0,0,0,1
"AT1G03870",0,0,0,1
"AT1G03920",0,0,0,1
"AT1G03980",0,0,0,1
"AT1G04020",0,0,0,1
"AT1G04040",0,0,0,1
"AT1G04160",0,0,0,1
"AT1G04360",0,0,0,1
"AT1G04425",0,0,0,1
"AT1G04520",0,0,0,1
"AT1G04550",0,0,0,1
"AT1G04820",0,0,0,1
"AT1G04980",0,0,0,1
"AT1G05000",0,0,0,1
"AT1G05020",0,0,0,1
"AT1G05200",0,0,0,1
"AT1G05210",0,0,0,1
"AT1G05240",0,0,0,1
"AT1G05250",0,0,0,1
"AT1G05370",0,0,0,1
"AT1G05420",0,0,0,1
"AT1G05440",0,0,0,1
"AT1G05470",0,0,0,1
"AT1G05490",0,0,0,1
"AT1G05577",0,0,0,1
"AT1G05620",0,0,0,1
"AT1G05630",0,0,0,1
"AT1G05810",0,0,0,1
"AT1G05950",0,0,0,1
"AT1G05990",0,0,0,1
"AT1G06120",0,0,0,1
"AT1G06160",0,0,0,1
"AT1G06350",0,0,0,1
"AT1G06475",0,0,0,1
"AT1G06923",0,0,0,1
"AT1G06930",0,0,0,1
"AT1G07090",0,0,0,1
"AT1G07175",0,0,0,1
"AT1G07370",0,0,0,1
"AT1G07550",0,0,0,1
"AT1G07560",0,0,0,1
"AT1G08430",0,0,0,1
"AT1G08500",0,0,0,1
"AT1G08560",0,0,0,1
"AT1G08590",0,0,0,1
"AT1G09090",0,0,0,1
"AT1G09390",0,0,0,1
"AT1G09470",0,0,0,1
"AT1G09540",0,0,0,1
"AT1G09750",0,0,0,1
"AT1G09812",0,0,0,1
"AT1G10400",0,0,0,1
"AT1G10550",0,0,0,1
"AT1G10640",0,0,0,1
"AT1G10750",0,0,0,1
"AT1G10780",0,0,0,1
"AT1G10810",0,0,0,1
"AT1G11160",0,0,0,1
"AT1G11185",0,0,0,1
"AT1G11220",0,0,0,1
"AT1G11260",0,0,0,1
"AT1G11420",0,0,0,1
"AT1G11440",0,0,0,1
"AT1G11450",0,0,0,1
"AT1G11460",0,0,0,1
"AT1G11540",0,0,0,1
"AT1G11545",0,0,0,1
"AT1G11580",0,0,0,1
"AT1G11655",0,0,0,1
"AT1G11670",0,0,0,1
"AT1G11730",0,0,0,1
"AT1G11740",0,0,0,1
"AT1G11920",0,0,0,1
"AT1G12040",0,0,0,1
"AT1G12080",0,0,0,1
"AT1G12090",0,0,0,1
"AT1G12150",0,0,0,1
"AT1G12330",0,0,0,1
"AT1G12460",0,0,0,1
"AT1G12500",0,0,0,1
"AT1G12550",0,0,0,1
"AT1G12740",0,0,0,1
"AT1G13110",0,0,0,1
"AT1G13250",0,0,0,1
"AT1G13300",0,0,0,1
"AT1G13420",0,0,0,1
"AT1G13500",0,0,0,1
"AT1G13510",0,0,0,1
"AT1G13540",0,0,0,1
"AT1G13550",0,0,0,1
"AT1G13580",0,0,0,1
"AT1G13620",0,0,0,1
"AT1G14120",0,0,0,1
"AT1G14160",0,0,0,1
"AT1G14185",0,0,0,1
"AT1G14190",0,0,0,1
"AT1G14210",0,0,0,1
"AT1G14260",0,0,0,1
"AT1G14280",0,0,0,1
"AT1G14360",0,0,0,1
"AT1G14390",0,0,0,1
"AT1G14630",0,0,0,1
"AT1G14980",0,0,0,1
"AT1G15210",0,0,0,1
"AT1G15380",0,0,0,1
"AT1G15550",0,0,0,1
"AT1G15630",0,0,0,1
"AT1G15760",0,0,0,1
"AT1G15820",0,0,0,1
"AT1G15870",0,0,0,1
"AT1G15890",0,0,0,1
"AT1G16070",0,0,0,1
"AT1G16170",0,0,0,1
"AT1G16220",0,0,0,1
"AT1G16230",0,0,0,1
"AT1G16330",0,0,0,1
"AT1G16370",0,0,0,1
"AT1G16390",0,0,0,1
"AT1G16400",0,0,0,1
"AT1G16420",0,0,0,1
"AT1G16440",0,0,0,1
"AT1G16490",0,0,0,1
"AT1G16630",0,0,0,1
"AT1G16635",0,0,0,1
"AT1G17140",0,0,0,1
"AT1G17230",0,0,0,1
"AT1G17300",0,0,0,1
"AT1G17430",0,0,0,1
"AT1G17560",0,0,0,1
"AT1G17970",0,0,0,1
"AT1G18090",0,0,0,1
"AT1G18140",0,0,0,1
"AT1G18250",0,0,0,1
"AT1G18280",0,0,0,1
"AT1G18370",0,0,0,1
"AT1G18410",0,0,0,1
"AT1G18420",0,0,0,1
"AT1G18550",0,0,0,1
"AT1G18590",0,0,0,1
"AT1G18970",0,0,0,1
"AT1G19835",0,0,0,1
"AT1G19900",0,0,0,1
"AT1G19940",0,0,0,1
"AT1G19968",0,0,0,1
"AT1G20010",0,0,0,1
"AT1G20090",0,0,0,1
"AT1G20610",0,0,0,1
"AT1G20720",0,0,0,1
"AT1G21260",0,0,0,1
"AT1G21510",0,0,0,1
"AT1G21530",0,0,0,1
"AT1G21560",0,0,0,1
"AT1G21750",0,0,0,1
"AT1G22220",0,0,0,1
"AT1G22230",0,0,0,1
"AT1G22250",0,0,0,1
"AT1G22330",0,0,0,1
"AT1G22500",0,0,0,1
"AT1G22530",0,0,0,1
"AT1G22550",0,0,0,1
"AT1G22650",0,0,0,1
"AT1G22740",0,0,0,1
"AT1G22880",0,0,0,1
"AT1G22910",0,0,0,1
"AT1G23030",0,0,0,1
"AT1G23100",0,0,0,1
"AT1G23160",0,0,0,1
"AT1G23205",0,0,0,1
"AT1G23350",0,0,0,1
"AT1G23540",0,0,0,1
"AT1G23720",0,0,0,1
"AT1G23790",0,0,0,1
"AT1G23850",0,0,0,1
"AT1G24020",0,0,0,1
"AT1G24100",0,0,0,1
"AT1G24170",0,0,0,1
"AT1G24280",0,0,0,1
"AT1G24420",0,0,0,1
"AT1G24485",0,0,0,1
"AT1G24620",0,0,0,1
"AT1G25230",0,0,0,1
"AT1G25240",0,0,0,1
"AT1G25425",0,0,0,1
"AT1G25440",0,0,0,1
"AT1G25450",0,0,0,1
"AT1G25460",0,0,0,1
"AT1G25510",0,0,0,1
"AT1G26200",0,0,0,1
"AT1G26210",0,0,0,1
"AT1G26360",0,0,0,1
"AT1G26540",0,0,0,1
"AT1G26760",0,0,0,1
"AT1G26840",0,0,0,1
"AT1G26870",0,0,0,1
"AT1G26890",0,0,0,1
"AT1G27460",0,0,0,1
"AT1G27740",0,0,0,1
"AT1G27880",0,0,0,1
"AT1G28010",0,0,0,1
"AT1G28080",0,0,0,1
"AT1G28110",0,0,0,1
"AT1G28400",0,0,0,1
"AT1G28440",0,0,0,1
"AT1G28620",0,0,0,1
"AT1G29025",0,0,0,1
"AT1G29179",0,0,0,1
"AT1G29180",0,0,0,1
"AT1G29270",0,0,0,1
"AT1G29418",0,0,0,1
"AT1G29510",0,0,0,1
"AT1G29540",0,0,0,1
"AT1G29740",0,0,0,1
"AT1G29950",0,0,0,1
"AT1G29980",0,0,0,1
"AT1G30050",0,0,0,1
"AT1G30160",0,0,0,1
"AT1G30280",0,0,0,1
"AT1G30510",0,0,0,1
"AT1G30550",0,0,0,1
"AT1G30560",0,0,0,1
"AT1G30570",0,0,0,1
"AT1G30690",0,0,0,1
"AT1G30760",0,0,0,1
"AT1G30840",0,0,0,1
"AT1G30870",0,0,0,1
"AT1G30900",0,0,0,1
"AT1G30990",0,0,0,1
"AT1G31050",0,0,0,1
"AT1G31320",0,0,0,1
"AT1G31330",0,0,0,1
"AT1G31335",0,0,0,1
"AT1G31710",0,0,0,1
"AT1G31770",0,0,0,1
"AT1G31885",0,0,0,1
"AT1G32450",0,0,0,1
"AT1G32740",0,0,0,1
"AT1G33055",0,0,0,1
"AT1G33170",0,0,0,1
"AT1G33260",0,0,0,1
"AT1G33320",0,0,0,1
"AT1G33470",0,0,0,1
"AT1G33540",0,0,0,1
"AT1G33670",0,0,0,1
"AT1G33700",0,0,0,1
"AT1G33870",0,0,0,1
"AT1G34040",0,0,0,1
"AT1G34330",0,0,0,1
"AT1G34355",0,0,0,1
"AT1G34520",0,0,0,1
"AT1G34540",0,0,0,1
"AT1G34760",0,0,0,1
"AT1G35186",0,0,0,1
"AT1G35230",0,0,0,1
"AT1G35270",0,0,0,1
"AT1G35330",0,0,0,1
"AT1G35350",0,0,0,1
"AT1G35515",0,0,0,1
"AT1G35610",0,0,0,1
"AT1G36640",0,0,0,1
"AT1G36675",0,0,0,1
"AT1G36940",0,0,0,1
"AT1G38065",0,0,0,1
"AT1G38131",0,0,0,1
"AT1G41830",0,0,0,1
"AT1G42480",0,0,0,1
"AT1G43020",0,0,0,1
"AT1G43040",0,0,0,1
"AT1G43650",0,0,0,1
"AT1G44020",0,0,0,1
"AT1G44030",0,0,0,1
"AT1G44050",0,0,0,1
"AT1G44110",0,0,0,1
"AT1G44180",0,0,0,1
"AT1G44575",0,0,0,1
"AT1G44970",0,0,0,1
"AT1G45015",0,0,0,1
"AT1G45545",0,0,0,1
"AT1G46480",0,0,0,1
"AT1G47210",0,0,0,1
"AT1G47590",0,0,0,1
"AT1G47603",0,0,0,1
"AT1G47655",0,0,0,1
"AT1G48070",0,0,0,1
"AT1G48240",0,0,0,1
"AT1G48460",0,0,0,1
"AT1G48480",0,0,0,1
"AT1G48500",0,0,0,1
"AT1G48510",0,0,0,1
"AT1G48640",0,0,0,1
"AT1G48670",0,0,0,1
"AT1G49100",0,0,0,1
"AT1G49210",0,0,0,1
"AT1G49230",0,0,0,1
"AT1G49390",0,0,0,1
"AT1G49470",0,0,0,1
"AT1G49500",0,0,0,1
"AT1G49730",0,0,0,1
"AT1G49870",0,0,0,1
"AT1G49920",0,0,0,1
"AT1G50040",0,0,0,1
"AT1G50280",0,0,0,1
"AT1G50490",0,0,0,1
"AT1G50580",0,0,0,1
"AT1G50900",0,0,0,1
"AT1G51260",0,0,0,1
"AT1G51270",0,0,0,1
"AT1G51380",0,0,0,1
"AT1G51770",0,0,0,1
"AT1G51790",0,0,0,1
"AT1G51830",0,0,0,1
"AT1G51840",0,0,0,1
"AT1G51850",0,0,0,1
"AT1G51860",0,0,0,1
"AT1G51870",0,0,0,1
"AT1G51880",0,0,0,1
"AT1G51890",0,0,0,1
"AT1G51940",0,0,0,1
"AT1G52190",0,0,0,1
"AT1G52200",0,0,0,1
"AT1G52240",0,0,0,1
"AT1G52280",0,0,0,1
"AT1G52410",0,0,0,1
"AT1G52430",0,0,0,1
"AT1G52660",0,0,0,1
"AT1G52750",0,0,0,1
"AT1G52760",0,0,0,1
"AT1G52910",0,0,0,1
"AT1G53070",0,0,0,1
"AT1G53140",0,0,0,1
"AT1G53230",0,0,0,1
"AT1G53330",0,0,0,1
"AT1G53340",0,0,0,1
"AT1G53542",0,0,0,1
"AT1G53610",0,0,0,1
"AT1G53635",0,0,0,1
"AT1G53680",0,0,0,1
"AT1G53690",0,0,0,1
"AT1G53730",0,0,0,1
"AT1G53830",0,0,0,1
"AT1G53935",0,0,0,1
"AT1G53940",0,0,0,1
"AT1G54000",0,0,0,1
"AT1G54010",0,0,0,1
"AT1G54200",0,0,0,1
"AT1G54385",0,0,0,1
"AT1G54450",0,0,0,1
"AT1G54470",0,0,0,1
"AT1G54530",0,0,0,1
"AT1G54660",0,0,0,1
"AT1G54690",0,0,0,1
"AT1G54730",0,0,0,1
"AT1G54890",0,0,0,1
"AT1G54940",0,0,0,1
"AT1G54950",0,0,0,1
"AT1G54970",0,0,0,1
"AT1G55120",0,0,0,1
"AT1G55205",0,0,0,1
"AT1G55290",0,0,0,1
"AT1G55330",0,0,0,1
"AT1G55360",0,0,0,1
"AT1G55380",0,0,0,1
"AT1G55390",0,0,0,1
"AT1G55410",0,0,0,1
"AT1G55420",0,0,0,1
"AT1G55430",0,0,0,1
"AT1G55640",0,0,0,1
"AT1G55700",0,0,0,1
"AT1G56210",0,0,0,1
"AT1G56330",0,0,0,1
"AT1G56340",0,0,0,1
"AT1G56540",0,0,0,1
"AT1G56630",0,0,0,1
"AT1G56680",0,0,0,1
"AT1G56690",0,0,0,1
"AT1G56720",0,0,0,1
"AT1G57560",0,0,0,1
"AT1G57680",0,0,0,1
"AT1G57980",0,0,0,1
"AT1G58037",0,0,0,1
"AT1G58370",0,0,0,1
"AT1G58643",0,0,0,1
"AT1G58936",0,0,0,1
"AT1G59312",0,0,0,1
"AT1G59540",0,0,0,1
"AT1G59725",0,0,0,1
"AT1G59730",0,0,0,1
"AT1G59780",0,0,0,1
"AT1G59850",0,0,0,1
"AT1G59990",0,0,0,1
"AT1G60050",0,0,0,1
"AT1G60095",0,0,0,1
"AT1G60130",0,0,0,1
"AT1G60390",0,0,0,1
"AT1G60630",0,0,0,1
"AT1G60680",0,0,0,1
"AT1G61050",0,0,0,1
"AT1G61080",0,0,0,1
"AT1G61130",0,0,0,1
"AT1G61390",0,0,0,1
"AT1G61450",0,0,0,1
"AT1G61500",0,0,0,1
"AT1G61560",0,0,0,1
"AT1G61600",0,0,0,1
"AT1G61740",0,0,0,1
"AT1G61750",0,0,0,1
"AT1G61840",0,0,0,1
"AT1G61950",0,0,0,1
"AT1G62280",0,0,0,1
"AT1G62360",0,0,0,1
"AT1G62440",0,0,0,1
"AT1G62480",0,0,0,1
"AT1G62510",0,0,0,1
"AT1G62800",0,0,0,1
"AT1G62870",0,0,0,1
"AT1G62980",0,0,0,1
"AT1G63100",0,0,0,1
"AT1G63150",0,0,0,1
"AT1G63220",0,0,0,1
"AT1G63250",0,0,0,1
"AT1G63350",0,0,0,1
"AT1G63380",0,0,0,1
"AT1G63450",0,0,0,1
"AT1G63600",0,0,0,1
"AT1G63880",0,0,0,1
"AT1G63930",0,0,0,1
"AT1G64210",0,0,0,1
"AT1G64220",0,0,0,1
"AT1G64250",0,0,0,1
"AT1G64330",0,0,0,1
"AT1G64405",0,0,0,1
"AT1G64440",0,0,0,1
"AT1G64530",0,0,0,1
"AT1G64640",0,0,0,1
"AT1G64650",0,0,0,1
"AT1G64670",0,0,0,1
"AT1G64690",0,0,0,1
"AT1G64910",0,0,0,1
"AT1G65010",0,0,0,1
"AT1G65310",0,0,0,1
"AT1G65470",0,0,0,1
"AT1G65710",0,0,0,1
"AT1G65840",0,0,0,1
"AT1G65900",0,0,0,1
"AT1G65985",0,0,0,1
"AT1G66080",0,0,0,1
"AT1G66200",0,0,0,1
"AT1G66250",0,0,0,1
"AT1G66270",0,0,0,1
"AT1G66440",0,0,0,1
"AT1G66450",0,0,0,1
"AT1G66460",0,0,0,1
"AT1G66930",0,0,0,1
"AT1G67035",0,0,0,1
"AT1G67050",0,0,0,1
"AT1G67110",0,0,0,1
"AT1G67150",0,0,0,1
"AT1G67330",0,0,0,1
"AT1G67910",0,0,0,1
"AT1G68238",0,0,0,1
"AT1G68740",0,0,0,1
"AT1G68940",0,0,0,1
"AT1G69150",0,0,0,1
"AT1G69240",0,0,0,1
"AT1G69520",0,0,0,1
"AT1G69550",0,0,0,1
"AT1G69588",0,0,0,1
"AT1G69690",0,0,0,1
"AT1G69900",0,0,0,1
"AT1G70080",0,0,0,1
"AT1G70210",0,0,0,1
"AT1G70230",0,0,0,1
"AT1G70260",0,0,0,1
"AT1G70340",0,0,0,1
"AT1G70370",0,0,0,1
"AT1G70720",0,0,0,1
"AT1G70750",0,0,0,1
"AT1G70830",0,0,0,1
"AT1G70860",0,0,0,1
"AT1G70880",0,0,0,1
"AT1G70885",0,0,0,1
"AT1G70895",0,0,0,1
"AT1G70985",0,0,0,1
"AT1G70990",0,0,0,1
"AT1G71690",0,0,0,1
"AT1G71760",0,0,0,1
"AT1G71850",0,0,0,1
"AT1G71970",0,0,0,1
"AT1G72150",0,0,0,1
"AT1G72160",0,0,0,1
"AT1G72250",0,0,0,1
"AT1G72300",0,0,0,1
"AT1G72430",0,0,0,1
"AT1G72670",0,0,0,1
"AT1G72860",0,0,0,1
"AT1G72870",0,0,0,1
"AT1G72890",0,0,0,1
"AT1G73020",0,0,0,1
"AT1G73120",0,0,0,1
"AT1G73280",0,0,0,1
"AT1G73330",0,0,0,1
"AT1G73340",0,0,0,1
"AT1G73580",0,0,0,1
"AT1G73600",0,0,0,1
"AT1G73620",0,0,0,1
"AT1G74055",0,0,0,1
"AT1G74210",0,0,0,1
"AT1G74440",0,0,0,1
"AT1G74830",0,0,0,1
"AT1G74940",0,0,0,1
"AT1G75150",0,0,0,1
"AT1G75250",0,0,0,1
"AT1G75500",0,0,0,1
"AT1G75550",0,0,0,1
"AT1G75620",0,0,0,1
"AT1G75640",0,0,0,1
"AT1G75750",0,0,0,1
"AT1G75780",0,0,0,1
"AT1G75900",0,0,0,1
"AT1G76090",0,0,0,1
"AT1G76100",0,0,0,1
"AT1G76220",0,0,0,1
"AT1G76240",0,0,0,1
"AT1G76310",0,0,0,1
"AT1G76360",0,0,0,1
"AT1G76620",0,0,0,1
"AT1G76740",0,0,0,1
"AT1G76790",0,0,0,1
"AT1G76890",0,0,0,1
"AT1G77020",0,0,0,1
"AT1G77131",0,0,0,1
"AT1G77200",0,0,0,1
"AT1G77510",0,0,0,1
"AT1G77520",0,0,0,1
"AT1G77530",0,0,0,1
"AT1G77630",0,0,0,1
"AT1G77690",0,0,0,1
"AT1G77760",0,0,0,1
"AT1G77855",0,0,0,1
"AT1G77885",0,0,0,1
"AT1G77990",0,0,0,1
"AT1G78090",0,0,0,1
"AT1G78120",0,0,0,1
"AT1G78260",0,0,0,1
"AT1G78320",0,0,0,1
"AT1G78370",0,0,0,1
"AT1G78520",0,0,0,1
"AT1G78860",0,0,0,1
"AT1G78865",0,0,0,1
"AT1G78940",0,0,0,1
"AT1G78990",0,0,0,1
"AT1G79060",0,0,0,1
"AT1G79250",0,0,0,1
"AT1G79410",0,0,0,1
"AT1G79760",0,0,0,1
"AT1G79840",0,0,0,1
"AT1G79860",0,0,0,1
"AT1G79890",0,0,0,1
"AT1G79910",0,0,0,1
"AT1G80050",0,0,0,1
"AT1G80100",0,0,0,1
"AT1G80170",0,0,0,1
"AT1G80240",0,0,0,1
"AT1G80270",0,0,0,1
"AT1G80280",0,0,0,1
"AT1G80730",0,0,0,1
"AT1G80760",0,0,0,1
"AT1G80870",0,0,0,1
"AT2G01670",0,0,0,1
"AT2G01900",0,0,0,1
"AT2G01910",0,0,0,1
"AT2G01950",0,0,0,1
"AT2G01990",0,0,0,1
"AT2G02000",0,0,0,1
"AT2G02020",0,0,0,1
"AT2G02610",0,0,0,1
"AT2G02620",0,0,0,1
"AT2G02630",0,0,0,1
"AT2G02680",0,0,0,1
"AT2G02690",0,0,0,1
"AT2G02700",0,0,0,1
"AT2G02810",0,0,0,1
"AT2G03480",0,0,0,1
"AT2G03505",0,0,0,1
"AT2G03600",0,0,0,1
"AT2G03720",0,0,0,1
"AT2G03830",0,0,0,1
"AT2G03980",0,0,0,1
"AT2G04480",0,0,0,1
"AT2G04500",0,0,0,1
"AT2G04680",0,0,0,1
"AT2G04780",0,0,0,1
"AT2G05180",0,0,0,1
"AT2G05920",0,0,0,1
"AT2G06200",0,0,0,1
"AT2G06850",0,0,0,1
"AT2G06925",0,0,0,1
"AT2G10930",0,0,0,1
"AT2G11150",0,0,0,1
"AT2G11810",0,0,0,1
"AT2G13820",0,0,0,1
"AT2G13900",0,0,0,1
"AT2G13910",0,0,0,1
"AT2G14247",0,0,0,1
"AT2G14660",0,0,0,1
"AT2G14890",0,0,0,1
"AT2G14900",0,0,0,1
"AT2G14920",0,0,0,1
"AT2G14960",0,0,0,1
"AT2G15292",0,0,0,1
"AT2G15300",0,0,0,1
"AT2G15370",0,0,0,1
"AT2G15390",0,0,0,1
"AT2G15620",0,0,0,1
"AT2G15980",0,0,0,1
"AT2G16230",0,0,0,1
"AT2G16250",0,0,0,1
"AT2G16270",0,0,0,1
"AT2G16380",0,0,0,1
"AT2G16580",0,0,0,1
"AT2G16750",0,0,0,1
"AT2G16970",0,0,0,1
"AT2G16980",0,0,0,1
"AT2G17330",0,0,0,1
"AT2G17630",0,0,0,1
"AT2G17770",0,0,0,1
"AT2G17820",0,0,0,1
"AT2G17890",0,0,0,1
"AT2G18300",0,0,0,1
"AT2G18560",0,0,0,1
"AT2G18640",0,0,0,1
"AT2G18650",0,0,0,1
"AT2G18730",0,0,0,1
"AT2G18800",0,0,0,1
"AT2G18980",0,0,0,1
"AT2G19050",0,0,0,1
"AT2G19060",0,0,0,1
"AT2G19130",0,0,0,1
"AT2G19170",0,0,0,1
"AT2G19210",0,0,0,1
"AT2G19410",0,0,0,1
"AT2G19590",0,0,0,1
"AT2G19620",0,0,0,1
"AT2G19670",0,0,0,1
"AT2G19690",0,0,0,1
"AT2G19760",0,0,0,1
"AT2G19780",0,0,0,1
"AT2G19800",0,0,0,1
"AT2G19880",0,0,0,1
"AT2G19990",0,0,0,1
"AT2G20030",0,0,0,1
"AT2G20520",0,0,0,1
"AT2G20562",0,0,0,1
"AT2G20570",0,0,0,1
"AT2G20590",0,0,0,1
"AT2G20750",0,0,0,1
"AT2G20850",0,0,0,1
"AT2G20980",0,0,0,1
"AT2G21020",0,0,0,1
"AT2G21030",0,0,0,1
"AT2G21045",0,0,0,1
"AT2G21050",0,0,0,1
"AT2G21210",0,0,0,1
"AT2G21540",0,0,0,1
"AT2G21560",0,0,0,1
"AT2G21830",0,0,0,1
"AT2G21880",0,0,0,1
"AT2G22100",0,0,0,1
"AT2G22122",0,0,0,1
"AT2G22170",0,0,0,1
"AT2G22230",0,0,0,1
"AT2G22290",0,0,0,1
"AT2G22330",0,0,0,1
"AT2G22460",0,0,0,1
"AT2G22610",0,0,0,1
"AT2G22920",0,0,0,1
"AT2G22930",0,0,0,1
"AT2G22970",0,0,0,1
"AT2G22980",0,0,0,1
"AT2G23100",0,0,0,1
"AT2G23130",0,0,0,1
"AT2G23410",0,0,0,1
"AT2G23530",0,0,0,1
"AT2G23540",0,0,0,1
"AT2G23560",0,0,0,1
"AT2G23600",0,0,0,1
"AT2G23620",0,0,0,1
"AT2G23630",0,0,0,1
"AT2G23680",0,0,0,1
"AT2G23690",0,0,0,1
"AT2G23960",0,0,0,1
"AT2G24040",0,0,0,1
"AT2G24230",0,0,0,1
"AT2G24310",0,0,0,1
"AT2G24390",0,0,0,1
"AT2G24580",0,0,0,1
"AT2G24700",0,0,0,1
"AT2G24850",0,0,0,1
"AT2G24980",0,0,0,1
"AT2G25000",0,0,0,1
"AT2G25060",0,0,0,1
"AT2G25110",0,0,0,1
"AT2G25200",0,0,0,1
"AT2G25240",0,0,0,1
"AT2G25410",0,0,0,1
"AT2G25735",0,0,0,1
"AT2G26040",0,0,0,1
"AT2G26180",0,0,0,1
"AT2G26360",0,0,0,1
"AT2G26370",0,0,0,1
"AT2G26440",0,0,0,1
"AT2G26520",0,0,0,1
"AT2G26640",0,0,0,1
"AT2G26695",0,0,0,1
"AT2G26730",0,0,0,1
"AT2G26760",0,0,0,1
"AT2G26820",0,0,0,1
"AT2G26910",0,0,0,1
"AT2G27360",0,0,0,1
"AT2G27840",0,0,0,1
"AT2G27920",0,0,0,1
"AT2G27930",0,0,0,1
"AT2G28160",0,0,0,1
"AT2G28250",0,0,0,1
"AT2G28270",0,0,0,1
"AT2G28440",0,0,0,1
"AT2G28460",0,0,0,1
"AT2G28470",0,0,0,1
"AT2G28620",0,0,0,1
"AT2G28780",0,0,0,1
"AT2G28790",0,0,0,1
"AT2G28850",0,0,0,1
"AT2G28950",0,0,0,1
"AT2G28960",0,0,0,1
"AT2G28970",0,0,0,1
"AT2G28990",0,0,0,1
"AT2G29000",0,0,0,1
"AT2G29010",0,0,0,1
"AT2G29320",0,0,0,1
"AT2G29360",0,0,0,1
"AT2G29550",0,0,0,1
"AT2G29660",0,0,0,1
"AT2G29710",0,0,0,1
"AT2G29750",0,0,0,1
"AT2G30010",0,0,0,1
"AT2G30380",0,0,0,1
"AT2G30820",0,0,0,1
"AT2G30860",0,0,0,1
"AT2G30890",0,0,0,1
"AT2G30930",0,0,0,1
"AT2G30933",0,0,0,1
"AT2G30990",0,0,0,1
"AT2G31082",0,0,0,1
"AT2G31110",0,0,0,1
"AT2G31220",0,0,0,1
"AT2G31270",0,0,0,1
"AT2G31310",0,0,0,1
"AT2G31550",0,0,0,1
"AT2G31790",0,0,0,1
"AT2G31860",0,0,0,1
"AT2G31900",0,0,0,1
"AT2G32280",0,0,0,1
"AT2G32620",0,0,0,1
"AT2G32990",0,0,0,1
"AT2G33050",0,0,0,1
"AT2G33260",0,0,0,1
"AT2G33400",0,0,0,1
"AT2G33460",0,0,0,1
"AT2G33530",0,0,0,1
"AT2G33540",0,0,0,1
"AT2G33560",0,0,0,1
"AT2G33790",0,0,0,1
"AT2G33847",0,0,0,1
"AT2G33990",0,0,0,1
"AT2G34000",0,0,0,1
"AT2G34010",0,0,0,1
"AT2G34020",0,0,0,1
"AT2G34060",0,0,0,1
"AT2G34180",0,0,0,1
"AT2G34190",0,0,0,1
"AT2G34260",0,0,0,1
"AT2G34330",0,0,0,1
"AT2G34350",0,0,0,1
"AT2G34490",0,0,0,1
"AT2G34655",0,0,0,1
"AT2G35150",0,0,0,1
"AT2G35155",0,0,0,1
"AT2G35210",0,0,0,1
"AT2G35260",0,0,0,1
"AT2G35270",0,0,0,1
"AT2G35370",0,0,0,1
"AT2G35380",0,0,0,1
"AT2G35470",0,0,0,1
"AT2G35620",0,0,0,1
"AT2G35880",0,0,0,1
"AT2G35890",0,0,0,1
"AT2G36120",0,0,0,1
"AT2G36410",0,0,0,1
"AT2G36430",0,0,0,1
"AT2G36880",0,0,0,1
"AT2G37025",0,0,0,1
"AT2G37180",0,0,0,1
"AT2G37300",0,0,0,1
"AT2G37330",0,0,0,1
"AT2G37370",0,0,0,1
"AT2G37380",0,0,0,1
"AT2G37390",0,0,0,1
"AT2G37420",0,0,0,1
"AT2G37460",0,0,0,1
"AT2G37510",0,0,0,1
"AT2G37560",0,0,0,1
"AT2G37710",0,0,0,1
"AT2G37820",0,0,0,1
"AT2G37930",0,0,0,1
"AT2G37960",0,0,0,1
"AT2G38100",0,0,0,1
"AT2G38160",0,0,0,1
"AT2G38170",0,0,0,1
"AT2G38300",0,0,0,1
"AT2G38310",0,0,0,1
"AT2G38320",0,0,0,1
"AT2G38380",0,0,0,1
"AT2G38460",0,0,0,1
"AT2G38490",0,0,0,1
"AT2G38510",0,0,0,1
"AT2G38600",0,0,0,1
"AT2G38620",0,0,0,1
"AT2G38823",0,0,0,1
"AT2G39010",0,0,0,1
"AT2G39040",0,0,0,1
"AT2G39180",0,0,0,1
"AT2G39230",0,0,0,1
"AT2G39310",0,0,0,1
"AT2G39420",0,0,0,1
"AT2G39530",0,0,0,1
"AT2G39700",0,0,0,1
"AT2G39795",0,0,0,1
"AT2G39870",0,0,0,1
"AT2G39880",0,0,0,1
"AT2G39900",0,0,0,1
"AT2G40150",0,0,0,1
"AT2G40160",0,0,0,1
"AT2G40260",0,0,0,1
"AT2G40330",0,0,0,1
"AT2G40480",0,0,0,1
"AT2G40750",0,0,0,1
"AT2G41450",0,0,0,1
"AT2G41820",0,0,0,1
"AT2G41830",0,0,0,1
"AT2G41970",0,0,0,1
"AT2G41990",0,0,0,1
"AT2G42040",0,0,0,1
"AT2G42060",0,0,0,1
"AT2G42110",0,0,0,1
"AT2G42140",0,0,0,1
"AT2G42170",0,0,0,1
"AT2G42260",0,0,0,1
"AT2G42320",0,0,0,1
"AT2G42380",0,0,0,1
"AT2G42980",0,0,0,1
"AT2G43050",0,0,0,1
"AT2G43100",0,0,0,1
"AT2G43140",0,0,0,1
"AT2G43480",0,0,0,1
"AT2G43530",0,0,0,1
"AT2G43535",0,0,0,1
"AT2G43550",0,0,0,1
"AT2G43600",0,0,0,1
"AT2G44110",0,0,0,1
"AT2G44190",0,0,0,1
"AT2G44340",0,0,0,1
"AT2G44370",0,0,0,1
"AT2G44390",0,0,0,1
"AT2G44580",0,0,0,1
"AT2G44690",0,0,0,1
"AT2G45080",0,0,0,1
"AT2G45180",0,0,0,1
"AT2G45290",0,0,0,1
"AT2G45310",0,0,0,1
"AT2G45470",0,0,0,1
"AT2G45780",0,0,0,1
"AT2G45890",0,0,0,1
"AT2G46150",0,0,0,1
"AT2G46210",0,0,0,1
"AT2G46330",0,0,0,1
"AT2G46455",0,0,0,1
"AT2G46570",0,0,0,1
"AT2G46650",0,0,0,1
"AT2G46780",0,0,0,1
"AT2G46860",0,0,0,1
"AT2G46890",0,0,0,1
"AT2G47010",0,0,0,1
"AT2G47200",0,0,0,1
"AT2G47360",0,0,0,1
"AT2G47440",0,0,0,1
"AT2G47500",0,0,0,1
"AT2G47550",0,0,0,1
"AT2G47560",0,0,0,1
"AT2G47810",0,0,0,1
"AT2G47920",0,0,0,1
"AT2G47930",0,0,0,1
"AT2G48030",0,0,0,1
"AT2G48080",0,0,0,1
"AT3G01015",0,0,0,1
"AT3G01120",0,0,0,1
"AT3G01175",0,0,0,1
"AT3G01190",0,0,0,1
"AT3G01220",0,0,0,1
"AT3G01260",0,0,0,1
"AT3G01710",0,0,0,1
"AT3G01730",0,0,0,1
"AT3G01760",0,0,0,1
"AT3G01840",0,0,0,1
"AT3G01930",0,0,0,1
"AT3G02020",0,0,0,1
"AT3G02120",0,0,0,1
"AT3G02242",0,0,0,1
"AT3G02460",0,0,0,1
"AT3G02640",0,0,0,1
"AT3G02650",0,0,0,1
"AT3G02850",0,0,0,1
"AT3G03060",0,0,0,1
"AT3G03130",0,0,0,1
"AT3G03190",0,0,0,1
"AT3G03680",0,0,0,1
"AT3G03780",0,0,0,1
"AT3G03855",0,0,0,1
"AT3G04060",0,0,0,1
"AT3G04370",0,0,0,1
"AT3G04790",0,0,0,1
"AT3G05150",0,0,0,1
"AT3G05152",0,0,0,1
"AT3G05155",0,0,0,1
"AT3G05330",0,0,0,1
"AT3G05470",0,0,0,1
"AT3G05480",0,0,0,1
"AT3G05490",0,0,0,1
"AT3G05740",0,0,0,1
"AT3G05900",0,0,0,1
"AT3G06070",0,0,0,1
"AT3G06140",0,0,0,1
"AT3G06145",0,0,0,1
"AT3G06300",0,0,0,1
"AT3G06390",0,0,0,1
"AT3G06460",0,0,0,1
"AT3G06740",0,0,0,1
"AT3G06770",0,0,0,1
"AT3G06890",0,0,0,1
"AT3G06990",0,0,0,1
"AT3G07000",0,0,0,1
"AT3G07010",0,0,0,1
"AT3G07070",0,0,0,1
"AT3G07195",0,0,0,1
"AT3G07425",0,0,0,1
"AT3G07460",0,0,0,1
"AT3G07470",0,0,0,1
"AT3G07490",0,0,0,1
"AT3G07540",0,0,0,1
"AT3G07570",0,0,0,1
"AT3G07580",0,0,0,1
"AT3G07770",0,0,0,1
"AT3G07900",0,0,0,1
"AT3G07990",0,0,0,1
"AT3G08490",0,0,0,1
"AT3G08600",0,0,0,1
"AT3G08660",0,0,0,1
"AT3G08970",0,0,0,1
"AT3G09020",0,0,0,1
"AT3G09035",0,0,0,1
"AT3G09080",0,0,0,1
"AT3G09190",0,0,0,1
"AT3G09290",0,0,0,1
"AT3G09680",0,0,0,1
"AT3G09700",0,0,0,1
"AT3G09710",0,0,0,1
"AT3G09730",0,0,0,1
"AT3G09940",0,0,0,1
"AT3G10080",0,0,0,1
"AT3G10110",0,0,0,1
"AT3G10310",0,0,0,1
"AT3G10470",0,0,0,1
"AT3G10525",0,0,0,1
"AT3G10600",0,0,0,1
"AT3G10710",0,0,0,1
"AT3G10720",0,0,0,1
"AT3G10870",0,0,0,1
"AT3G11370",0,0,0,1
"AT3G11385",0,0,0,1
"AT3G11390",0,0,0,1
"AT3G11402",0,0,0,1
"AT3G11520",0,0,0,1
"AT3G11640",0,0,0,1
"AT3G11700",0,0,0,1
"AT3G12110",0,0,0,1
"AT3G12145",0,0,0,1
"AT3G12170",0,0,0,1
"AT3G12240",0,0,0,1
"AT3G12540",0,0,0,1
"AT3G12870",0,0,0,1
"AT3G13160",0,0,0,1
"AT3G13404",0,0,0,1
"AT3G13435",0,0,0,1
"AT3G13470",0,0,0,1
"AT3G13560",0,0,0,1
"AT3G13600",0,0,0,1
"AT3G13610",0,0,0,1
"AT3G13760",0,0,0,1
"AT3G13810",0,0,0,1
"AT3G14190",0,0,0,1
"AT3G14260",0,0,0,1
"AT3G14310",0,0,0,1
"AT3G14370",0,0,0,1
"AT3G14410",0,0,0,1
"AT3G14415",0,0,0,1
"AT3G14460",0,0,0,1
"AT3G14540",0,0,0,1
"AT3G14580",0,0,0,1
"AT3G14740",0,0,0,1
"AT3G14840",0,0,0,1
"AT3G14850",0,0,0,1
"AT3G14900",0,0,0,1
"AT3G15115",0,0,0,1
"AT3G15370",0,0,0,1
"AT3G15460",0,0,0,1
"AT3G15550",0,0,0,1
"AT3G15700",0,0,0,1
"AT3G15950",0,0,0,1
"AT3G16140",0,0,0,1
"AT3G16240",0,0,0,1
"AT3G16280",0,0,0,1
"AT3G16370",0,0,0,1
"AT3G16390",0,0,0,1
"AT3G16410",0,0,0,1
"AT3G16420",0,0,0,1
"AT3G16430",0,0,0,1
"AT3G16520",0,0,0,1
"AT3G16690",0,0,0,1
"AT3G17600",0,0,0,1
"AT3G17640",0,0,0,1
"AT3G17840",0,0,0,1
"AT3G18000",0,0,0,1
"AT3G18080",0,0,0,1
"AT3G18170",0,0,0,1
"AT3G18200",0,0,0,1
"AT3G18450",0,0,0,1
"AT3G18510",0,0,0,1
"AT3G18524",0,0,0,1
"AT3G18560",0,0,0,1
"AT3G18580",0,0,0,1
"AT3G18630",0,0,0,1
"AT3G18730",0,0,0,1
"AT3G18900",0,0,0,1
"AT3G18960",0,0,0,1
"AT3G19050",0,0,0,1
"AT3G19320",0,0,0,1
"AT3G19370",0,0,0,1
"AT3G19400",0,0,0,1
"AT3G19440",0,0,0,1
"AT3G19508",0,0,0,1
"AT3G19550",0,0,0,1
"AT3G19553",0,0,0,1
"AT3G19710",0,0,0,1
"AT3G20110",0,0,0,1
"AT3G20130",0,0,0,1
"AT3G20150",0,0,0,1
"AT3G20370",0,0,0,1
"AT3G20380",0,0,0,1
"AT3G20440",0,0,0,1
"AT3G20460",0,0,0,1
"AT3G20540",0,0,0,1
"AT3G20590",0,0,0,1
"AT3G20640",0,0,0,1
"AT3G21180",0,0,0,1
"AT3G21240",0,0,0,1
"AT3G21340",0,0,0,1
"AT3G21770",0,0,0,1
"AT3G22120",0,0,0,1
"AT3G22231",0,0,0,1
"AT3G22235",0,0,0,1
"AT3G22240",0,0,0,1
"AT3G22250",0,0,0,1
"AT3G22570",0,0,0,1
"AT3G22670",0,0,0,1
"AT3G22800",0,0,0,1
"AT3G22970",0,0,0,1
"AT3G23090",0,0,0,1
"AT3G23175",0,0,0,1
"AT3G23190",0,0,0,1
"AT3G23370",0,0,0,1
"AT3G23470",0,0,0,1
"AT3G23480",0,0,0,1
"AT3G23510",0,0,0,1
"AT3G23670",0,0,0,1
"AT3G23730",0,0,0,1
"AT3G23740",0,0,0,1
"AT3G23800",0,0,0,1
"AT3G23810",0,0,0,1
"AT3G23890",0,0,0,1
"AT3G24300",0,0,0,1
"AT3G24480",0,0,0,1
"AT3G24495",0,0,0,1
"AT3G24715",0,0,0,1
"AT3G25060",0,0,0,1
"AT3G25190",0,0,0,1
"AT3G25717",0,0,0,1
"AT3G25790",0,0,0,1
"AT3G25930",0,0,0,1
"AT3G25970",0,0,0,1
"AT3G25980",0,0,0,1
"AT3G26050",0,0,0,1
"AT3G26115",0,0,0,1
"AT3G26210",0,0,0,1
"AT3G26330",0,0,0,1
"AT3G26500",0,0,0,1
"AT3G26520",0,0,0,1
"AT3G26610",0,0,0,1
"AT3G26700",0,0,0,1
"AT3G26932",0,0,0,1
"AT3G27027",0,0,0,1
"AT3G27060",0,0,0,1
"AT3G27390",0,0,0,1
"AT3G27473",0,0,0,1
"AT3G27480",0,0,0,1
"AT3G27490",0,0,0,1
"AT3G27500",0,0,0,1
"AT3G27510",0,0,0,1
"AT3G27640",0,0,0,1
"AT3G27950",0,0,0,1
"AT3G28040",0,0,0,1
"AT3G28130",0,0,0,1
"AT3G28160",0,0,0,1
"AT3G28345",0,0,0,1
"AT3G28380",0,0,0,1
"AT3G28420",0,0,0,1
"AT3G28550",0,0,0,1
"AT3G28860",0,0,0,1
"AT3G28880",0,0,0,1
"AT3G29300",0,0,0,1
"AT3G29370",0,0,0,1
"AT3G29410",0,0,0,1
"AT3G29780",0,0,0,1
"AT3G30875",0,0,0,1
"AT3G43720",0,0,0,1
"AT3G43790",0,0,0,1
"AT3G43810",0,0,0,1
"AT3G43850",0,0,0,1
"AT3G43890",0,0,0,1
"AT3G43930",0,0,0,1
"AT3G43960",0,0,0,1
"AT3G44050",0,0,0,1
"AT3G44510",0,0,0,1
"AT3G44700",0,0,0,1
"AT3G44710",0,0,0,1
"AT3G44750",0,0,0,1
"AT3G44860",0,0,0,1
"AT3G44870",0,0,0,1
"AT3G44990",0,0,0,1
"AT3G45070",0,0,0,1
"AT3G45080",0,0,0,1
"AT3G45095",0,0,0,1
"AT3G45160",0,0,0,1
"AT3G45230",0,0,0,1
"AT3G45330",0,0,0,1
"AT3G45390",0,0,0,1
"AT3G45410",0,0,0,1
"AT3G45430",0,0,0,1
"AT3G45530",0,0,0,1
"AT3G45650",0,0,0,1
"AT3G45680",0,0,0,1
"AT3G45700",0,0,0,1
"AT3G45710",0,0,0,1
"AT3G45720",0,0,0,1
"AT3G45840",0,0,0,1
"AT3G46130",0,0,0,1
"AT3G46170",0,0,0,1
"AT3G46280",0,0,0,1
"AT3G46320",0,0,0,1
"AT3G46330",0,0,0,1
"AT3G46340",0,0,0,1
"AT3G46400",0,0,0,1
"AT3G46490",0,0,0,1
"AT3G46540",0,0,0,1
"AT3G46550",0,0,0,1
"AT3G46720",0,0,0,1
"AT3G46760",0,0,0,1
"AT3G46800",0,0,0,1
"AT3G46810",0,0,0,1
"AT3G46880",0,0,0,1
"AT3G46900",0,0,0,1
"AT3G46940",0,0,0,1
"AT3G47050",0,0,0,1
"AT3G47220",0,0,0,1
"AT3G47348",0,0,0,1
"AT3G47350",0,0,0,1
"AT3G47560",0,0,0,1
"AT3G47710",0,0,0,1
"AT3G47740",0,0,0,1
"AT3G47760",0,0,0,1
"AT3G47770",0,0,0,1
"AT3G48080",0,0,0,1
"AT3G48160",0,0,0,1
"AT3G48940",0,0,0,1
"AT3G48970",0,0,0,1
"AT3G49120",0,0,0,1
"AT3G49240",0,0,0,1
"AT3G49700",0,0,0,1
"AT3G49720",0,0,0,1
"AT3G49860",0,0,0,1
"AT3G49960",0,0,0,1
"AT3G50010",0,0,0,1
"AT3G50130",0,0,0,1
"AT3G50230",0,0,0,1
"AT3G50280",0,0,0,1
"AT3G50350",0,0,0,1
"AT3G50470",0,0,0,1
"AT3G50630",0,0,0,1
"AT3G50640",0,0,0,1
"AT3G50825",0,0,0,1
"AT3G50840",0,0,0,1
"AT3G50870",0,0,0,1
"AT3G51160",0,0,0,1
"AT3G51230",0,0,0,1
"AT3G51280",0,0,0,1
"AT3G51330",0,0,0,1
"AT3G51340",0,0,0,1
"AT3G51350",0,0,0,1
"AT3G51360",0,0,0,1
"AT3G51410",0,0,0,1
"AT3G51470",0,0,0,1
"AT3G51720",0,0,0,1
"AT3G51740",0,0,0,1
"AT3G51950",0,0,0,1
"AT3G51970",0,0,0,1
"AT3G52110",0,0,0,1
"AT3G52115",0,0,0,1
"AT3G52370",0,0,0,1
"AT3G52460",0,0,0,1
"AT3G52500",0,0,0,1
"AT3G52630",0,0,0,1
"AT3G52720",0,0,0,1
"AT3G52940",0,0,0,1
"AT3G53010",0,0,0,1
"AT3G53220",0,0,0,1
"AT3G53235",0,0,0,1
"AT3G53380",0,0,0,1
"AT3G53940",0,0,0,1
"AT3G54040",0,0,0,1
"AT3G54060",0,0,0,1
"AT3G54120",0,0,0,1
"AT3G54180",0,0,0,1
"AT3G54400",0,0,0,1
"AT3G54530",0,0,0,1
"AT3G54590",0,0,0,1
"AT3G54630",0,0,0,1
"AT3G54710",0,0,0,1
"AT3G54770",0,0,0,1
"AT3G54870",0,0,0,1
"AT3G54910",0,0,0,1
"AT3G55060",0,0,0,1
"AT3G55150",0,0,0,1
"AT3G55550",0,0,0,1
"AT3G55660",0,0,0,1
"AT3G55700",0,0,0,1
"AT3G56000",0,0,0,1
"AT3G56060",0,0,0,1
"AT3G56070",0,0,0,1
"AT3G56100",0,0,0,1
"AT3G56230",0,0,0,1
"AT3G56330",0,0,0,1
"AT3G56370",0,0,0,1
"AT3G56480",0,0,0,1
"AT3G56500",0,0,0,1
"AT3G56870",0,0,0,1
"AT3G56980",0,0,0,1
"AT3G57500",0,0,0,1
"AT3G57920",0,0,0,1
"AT3G57940",0,0,0,1
"AT3G58000",0,0,0,1
"AT3G58100",0,0,0,1
"AT3G58650",0,0,0,1
"AT3G58710",0,0,0,1
"AT3G58990",0,0,0,1
"AT3G59120",0,0,0,1
"AT3G59130",0,0,0,1
"AT3G59200",0,0,0,1
"AT3G59310",0,0,0,1
"AT3G59340",0,0,0,1
"AT3G59370",0,0,0,1
"AT3G59400",0,0,0,1
"AT3G59550",0,0,0,1
"AT3G60280",0,0,0,1
"AT3G60320",0,0,0,1
"AT3G60330",0,0,0,1
"AT3G60490",0,0,0,1
"AT3G60540",0,0,0,1
"AT3G60700",0,0,0,1
"AT3G60900",0,0,0,1
"AT3G61118",0,0,0,1
"AT3G61170",0,0,0,1
"AT3G61210",0,0,0,1
"AT3G61300",0,0,0,1
"AT3G61310",0,0,0,1
"AT3G61380",0,0,0,1
"AT3G61390",0,0,0,1
"AT3G61430",0,0,0,1
"AT3G61490",0,0,0,1
"AT3G61660",0,0,0,1
"AT3G61750",0,0,0,1
"AT3G61760",0,0,0,1
"AT3G61810",0,0,0,1
"AT3G62040",0,0,0,1
"AT3G62200",0,0,0,1
"AT3G62210",0,0,0,1
"AT3G62270",0,0,0,1
"AT3G62280",0,0,0,1
"AT3G62390",0,0,0,1
"AT3G62600",0,0,0,1
"AT3G62680",0,0,0,1
"AT3G62690",0,0,0,1
"AT3G62760",0,0,0,1
"AT3G62780",0,0,0,1
"AT3G62930",0,0,0,1
"AT3G63110",0,0,0,1
"AT3G63300",0,0,0,1
"AT3G63470",0,0,0,1
"AT4G00080",0,0,0,1
"AT4G00480",0,0,0,1
"AT4G00670",0,0,0,1
"AT4G00680",0,0,0,1
"AT4G00770",0,0,0,1
"AT4G00910",0,0,0,1
"AT4G00955",0,0,0,1
"AT4G00960",0,0,0,1
"AT4G01110",0,0,0,1
"AT4G01140",0,0,0,1
"AT4G01270",0,0,0,1
"AT4G01350",0,0,0,1
"AT4G01390",0,0,0,1
"AT4G01480",0,0,0,1
"AT4G01525",0,0,0,1
"AT4G01680",0,0,0,1
"AT4G01730",0,0,0,1
"AT4G01740",0,0,0,1
"AT4G01820",0,0,0,1
"AT4G01830",0,0,0,1
"AT4G01890",0,0,0,1
"AT4G01920",0,0,0,1
"AT4G01925",0,0,0,1
"AT4G02130",0,0,0,1
"AT4G02180",0,0,0,1
"AT4G02270",0,0,0,1
"AT4G02290",0,0,0,1
"AT4G02540",0,0,0,1
"AT4G02630",0,0,0,1
"AT4G02700",0,0,0,1
"AT4G02770",0,0,0,1
"AT4G02800",0,0,0,1
"AT4G03010",0,0,0,1
"AT4G03070",0,0,0,1
"AT4G03100",0,0,0,1
"AT4G03110",0,0,0,1
"AT4G03210",0,0,0,1
"AT4G03270",0,0,0,1
"AT4G03330",0,0,0,1
"AT4G03500",0,0,0,1
"AT4G03940",0,0,0,1
"AT4G04695",0,0,0,1
"AT4G04700",0,0,0,1
"AT4G04750",0,0,0,1
"AT4G04840",0,0,0,1
"AT4G04940",0,0,0,1
"AT4G04955",0,0,0,1
"AT4G05130",0,0,0,1
"AT4G05180",0,0,0,1
"AT4G05190",0,0,0,1
"AT4G05200",0,0,0,1
"AT4G05210",0,0,0,1
"AT4G06534",0,0,0,1
"AT4G07960",0,0,0,1
"AT4G08300",0,0,0,1
"AT4G08400",0,0,0,1
"AT4G08410",0,0,0,1
"AT4G08620",0,0,0,1
"AT4G08685",0,0,0,1
"AT4G08950",0,0,0,1
"AT4G09060",0,0,0,1
"AT4G09420",0,0,0,1
"AT4G09990",0,0,0,1
"AT4G10270",0,0,0,1
"AT4G10310",0,0,0,1
"AT4G10370",0,0,0,1
"AT4G10390",0,0,0,1
"AT4G10510",0,0,0,1
"AT4G10630",0,0,0,1
"AT4G10640",0,0,0,1
"AT4G10770",0,0,0,1
"AT4G10840",0,0,0,1
"AT4G11020",0,0,0,1
"AT4G11050",0,0,0,1
"AT4G11080",0,0,0,1
"AT4G11100",0,0,0,1
"AT4G11190",0,0,0,1
"AT4G11230",0,0,0,1
"AT4G11290",0,0,0,1
"AT4G11320",0,0,0,1
"AT4G11390",0,0,0,1
"AT4G11530",0,0,0,1
"AT4G11550",0,0,0,1
"AT4G11780",0,0,0,1
"AT4G11820",0,0,0,1
"AT4G12030",0,0,0,1
"AT4G12110",0,0,0,1
"AT4G12270",0,0,0,1
"AT4G12420",0,0,0,1
"AT4G12470",0,0,0,1
"AT4G12510",0,0,0,1
"AT4G12520",0,0,0,1
"AT4G12540",0,0,0,1
"AT4G12730",0,0,0,1
"AT4G13130",0,0,0,1
"AT4G13210",0,0,0,1
"AT4G13300",0,0,0,1
"AT4G13310",0,0,0,1
"AT4G13340",0,0,0,1
"AT4G13370",0,0,0,1
"AT4G13390",0,0,0,1
"AT4G13440",0,0,0,1
"AT4G13620",0,0,0,1
"AT4G13680",0,0,0,1
"AT4G13690",0,0,0,1
"AT4G13770",0,0,0,1
"AT4G14120",0,0,0,1
"AT4G14130",0,0,0,1
"AT4G14150",0,0,0,1
"AT4G14280",0,0,0,1
"AT4G14330",0,0,0,1
"AT4G14390",0,0,0,1
"AT4G14550",0,0,0,1
"AT4G14630",0,0,0,1
"AT4G14640",0,0,0,1
"AT4G14650",0,0,0,1
"AT4G14700",0,0,0,1
"AT4G14750",0,0,0,1
"AT4G14860",0,0,0,1
"AT4G14940",0,0,0,1
"AT4G14960",0,0,0,1
"AT4G14980",0,0,0,1
"AT4G15070",0,0,0,1
"AT4G15160",0,0,0,1
"AT4G15290",0,0,0,1
"AT4G15300",0,0,0,1
"AT4G15330",0,0,0,1
"AT4G15340",0,0,0,1
"AT4G15370",0,0,0,1
"AT4G15390",0,0,0,1
"AT4G15393",0,0,0,1
"AT4G15500",0,0,0,1
"AT4G15790",0,0,0,1
"AT4G15830",0,0,0,1
"AT4G16270",0,0,0,1
"AT4G16350",0,0,0,1
"AT4G16370",0,0,0,1
"AT4G16563",0,0,0,1
"AT4G16660",0,0,0,1
"AT4G16807",0,0,0,1
"AT4G16870",0,0,0,1
"AT4G16990",0,0,0,1
"AT4G17000",0,0,0,1
"AT4G17220",0,0,0,1
"AT4G17460",0,0,0,1
"AT4G17760",0,0,0,1
"AT4G17770",0,0,0,1
"AT4G17870",0,0,0,1
"AT4G18340",0,0,0,1
"AT4G18501",0,0,0,1
"AT4G18510",0,0,0,1
"AT4G18570",0,0,0,1
"AT4G18760",0,0,0,1
"AT4G18930",0,0,0,1
"AT4G18940",0,0,0,1
"AT4G19520",0,0,0,1
"AT4G19590",0,0,0,1
"AT4G19690",0,0,0,1
"AT4G19840",0,0,0,1
"AT4G19980",0,0,0,1
"AT4G20160",0,0,0,1
"AT4G20210",0,0,0,1
"AT4G20230",0,0,0,1
"AT4G20362",0,0,0,1
"AT4G20430",0,0,0,1
"AT4G20450",0,0,0,1
"AT4G20460",0,0,0,1
"AT4G20780",0,0,0,1
"AT4G20840",0,0,0,1
"AT4G20940",0,0,0,1
"AT4G21270",0,0,0,1
"AT4G21380",0,0,0,1
"AT4G21410",0,0,0,1
"AT4G21760",0,0,0,1
"AT4G21780",0,0,0,1
"AT4G21820",0,0,0,1
"AT4G21830",0,0,0,1
"AT4G21840",0,0,0,1
"AT4G21850",0,0,0,1
"AT4G21903",0,0,0,1
"AT4G21910",0,0,0,1
"AT4G22080",0,0,0,1
"AT4G22110",0,0,0,1
"AT4G22212",0,0,0,1
"AT4G22230",0,0,0,1
"AT4G22235",0,0,0,1
"AT4G22460",0,0,0,1
"AT4G22730",0,0,0,1
"AT4G22756",0,0,0,1
"AT4G23070",0,0,0,1
"AT4G23400",0,0,0,1
"AT4G23490",0,0,0,1
"AT4G23770",0,0,0,1
"AT4G23800",0,0,0,1
"AT4G23870",0,0,0,1
"AT4G24015",0,0,0,1
"AT4G24120",0,0,0,1
"AT4G24170",0,0,0,1
"AT4G24190",0,0,0,1
"AT4G24265",0,0,0,1
"AT4G24310",0,0,0,1
"AT4G24340",0,0,0,1
"AT4G24670",0,0,0,1
"AT4G25090",0,0,0,1
"AT4G25110",0,0,0,1
"AT4G25160",0,0,0,1
"AT4G25190",0,0,0,1
"AT4G25220",0,0,0,1
"AT4G25240",0,0,0,1
"AT4G25540",0,0,0,1
"AT4G25560",0,0,0,1
"AT4G25780",0,0,0,1
"AT4G25790",0,0,0,1
"AT4G25820",0,0,0,1
"AT4G25870",0,0,0,1
"AT4G26010",0,0,0,1
"AT4G26070",0,0,0,1
"AT4G26130",0,0,0,1
"AT4G26320",0,0,0,1
"AT4G26600",0,0,0,1
"AT4G26660",0,0,0,1
"AT4G26690",0,0,0,1
"AT4G26780",0,0,0,1
"AT4G26830",0,0,0,1
"AT4G26990",0,0,0,1
"AT4G27180",0,0,0,1
"AT4G27290",0,0,0,1
"AT4G27480",0,0,0,1
"AT4G27660",0,0,0,1
"AT4G27730",0,0,0,1
"AT4G27860",0,0,0,1
"AT4G27970",0,0,0,1
"AT4G28088",0,0,0,1
"AT4G28230",0,0,0,1
"AT4G28310",0,0,0,1
"AT4G28430",0,0,0,1
"AT4G28630",0,0,0,1
"AT4G28850",0,0,0,1
"AT4G28900",0,0,0,1
"AT4G28940",0,0,0,1
"AT4G28950",0,0,0,1
"AT4G29180",0,0,0,1
"AT4G29450",0,0,0,1
"AT4G29520",0,0,0,1
"AT4G29610",0,0,0,1
"AT4G29690",0,0,0,1
"AT4G29700",0,0,0,1
"AT4G29740",0,0,0,1
"AT4G29920",0,0,0,1
"AT4G30060",0,0,0,1
"AT4G30120",0,0,0,1
"AT4G30130",0,0,0,1
"AT4G30170",0,0,0,1
"AT4G30190",0,0,0,1
"AT4G30280",0,0,0,1
"AT4G30290",0,0,0,1
"AT4G30610",0,0,0,1
"AT4G30670",0,0,0,1
"AT4G30800",0,0,0,1
"AT4G31020",0,0,0,1
"AT4G31360",0,0,0,1
"AT4G31500",0,0,0,1
"AT4G31650",0,0,0,1
"AT4G31840",0,0,0,1
"AT4G32605",0,0,0,1
"AT4G32710",0,0,0,1
"AT4G32780",0,0,0,1
"AT4G32830",0,0,0,1
"AT4G32880",0,0,0,1
"AT4G33145",0,0,0,1
"AT4G33260",0,0,0,1
"AT4G33270",0,0,0,1
"AT4G33730",0,0,0,1
"AT4G33770",0,0,0,1
"AT4G33790",0,0,0,1
"AT4G33880",0,0,0,1
"AT4G34160",0,0,0,1
"AT4G34220",0,0,0,1
"AT4G34290",0,0,0,1
"AT4G34419",0,0,0,1
"AT4G34420",0,0,0,1
"AT4G34510",0,0,0,1
"AT4G34760",0,0,0,1
"AT4G34800",0,0,0,1
"AT4G34810",0,0,0,1
"AT4G34880",0,0,0,1
"AT4G34930",0,0,0,1
"AT4G34980",0,0,0,1
"AT4G35030",0,0,0,1
"AT4G35100",0,0,0,1
"AT4G35200",0,0,0,1
"AT4G35210",0,0,0,1
"AT4G35620",0,0,0,1
"AT4G35900",0,0,0,1
"AT4G36120",0,0,0,1
"AT4G36180",0,0,0,1
"AT4G36230",0,0,0,1
"AT4G36410",0,0,0,1
"AT4G36540",0,0,0,1
"AT4G36620",0,0,0,1
"AT4G36870",0,0,0,1
"AT4G37080",0,0,0,1
"AT4G37095",0,0,0,1
"AT4G37160",0,0,0,1
"AT4G37170",0,0,0,1
"AT4G37235",0,0,0,1
"AT4G37240",0,0,0,1
"AT4G37400",0,0,0,1
"AT4G37410",0,0,0,1
"AT4G37450",0,0,0,1
"AT4G37490",0,0,0,1
"AT4G37530",0,0,0,1
"AT4G37540",0,0,0,1
"AT4G37580",0,0,0,1
"AT4G37610",0,0,0,1
"AT4G37630",0,0,0,1
"AT4G37950",0,0,0,1
"AT4G38390",0,0,0,1
"AT4G38420",0,0,0,1
"AT4G38660",0,0,0,1
"AT4G38690",0,0,0,1
"AT4G38770",0,0,0,1
"AT4G38830",0,0,0,1
"AT4G39000",0,0,0,1
"AT4G39030",0,0,0,1
"AT4G39110",0,0,0,1
"AT4G39350",0,0,0,1
"AT4G39630",0,0,0,1
"AT4G39660",0,0,0,1
"AT4G39940",0,0,0,1
"AT4G39950",0,0,0,1
"AT4G40090",0,0,0,1
"AT5G01060",0,0,0,1
"AT5G01070",0,0,0,1
"AT5G01210",0,0,0,1
"AT5G01240",0,0,0,1
"AT5G01330",0,0,0,1
"AT5G01420",0,0,0,1
"AT5G01490",0,0,0,1
"AT5G01620",0,0,0,1
"AT5G01700",0,0,0,1
"AT5G01740",0,0,0,1
"AT5G01790",0,0,0,1
"AT5G01881",0,0,0,1
"AT5G01910",0,0,0,1
"AT5G02000",0,0,0,1
"AT5G02050",0,0,0,1
"AT5G02140",0,0,0,1
"AT5G02170",0,0,0,1
"AT5G02350",0,0,0,1
"AT5G02360",0,0,0,1
"AT5G02390",0,0,0,1
"AT5G02460",0,0,0,1
"AT5G02490",0,0,0,1
"AT5G02540",0,0,0,1
"AT5G02760",0,0,0,1
"AT5G02890",0,0,0,1
"AT5G03010",0,0,0,1
"AT5G03040",0,0,0,1
"AT5G03160",0,0,0,1
"AT5G03360",0,0,0,1
"AT5G03640",0,0,0,1
"AT5G03760",0,0,0,1
"AT5G03870",0,0,0,1
"AT5G03960",0,0,0,1
"AT5G03995",0,0,0,1
"AT5G04160",0,0,0,1
"AT5G04310",0,0,0,1
"AT5G04330",0,0,0,1
"AT5G04390",0,0,0,1
"AT5G04960",0,0,0,1
"AT5G05090",0,0,0,1
"AT5G05180",0,0,0,1
"AT5G05240",0,0,0,1
"AT5G05250",0,0,0,1
"AT5G05400",0,0,0,1
"AT5G05440",0,0,0,1
"AT5G05500",0,0,0,1
"AT5G05840",0,0,0,1
"AT5G05890",0,0,0,1
"AT5G05900",0,0,0,1
"AT5G05940",0,0,0,1
"AT5G05960",0,0,0,1
"AT5G06150",0,0,0,1
"AT5G06330",0,0,0,1
"AT5G06390",0,0,0,1
"AT5G06630",0,0,0,1
"AT5G06640",0,0,0,1
"AT5G06730",0,0,0,1
"AT5G06740",0,0,0,1
"AT5G06800",0,0,0,1
"AT5G06930",0,0,0,1
"AT5G06940",0,0,0,1
"AT5G06990",0,0,0,1
"AT5G07110",0,0,0,1
"AT5G07340",0,0,0,1
"AT5G07450",0,0,0,1
"AT5G07460",0,0,0,1
"AT5G07570",0,0,0,1
"AT5G07650",0,0,0,1
"AT5G07770",0,0,0,1
"AT5G08020",0,0,0,1
"AT5G08330",0,0,0,1
"AT5G08370",0,0,0,1
"AT5G09240",0,0,0,1
"AT5G09480",0,0,0,1
"AT5G09710",0,0,0,1
"AT5G09720",0,0,0,1
"AT5G09760",0,0,0,1
"AT5G09978",0,0,0,1
"AT5G10170",0,0,0,1
"AT5G10290",0,0,0,1
"AT5G10390",0,0,0,1
"AT5G10430",0,0,0,1
"AT5G10572",0,0,0,1
"AT5G10580",0,0,0,1
"AT5G11000",0,0,0,1
"AT5G11180",0,0,0,1
"AT5G11420",0,0,0,1
"AT5G11440",0,0,0,1
"AT5G11510",0,0,0,1
"AT5G11540",0,0,0,1
"AT5G11570",0,0,0,1
"AT5G11590",0,0,0,1
"AT5G11920",0,0,0,1
"AT5G11930",0,0,0,1
"AT5G12940",0,0,0,1
"AT5G13060",0,0,0,1
"AT5G13230",0,0,0,1
"AT5G13250",0,0,0,1
"AT5G13840",0,0,0,1
"AT5G14070",0,0,0,1
"AT5G14200",0,0,0,1
"AT5G14330",0,0,0,1
"AT5G14580",0,0,0,1
"AT5G14920",0,0,0,1
"AT5G15130",0,0,0,1
"AT5G15350",0,0,0,1
"AT5G15510",0,0,0,1
"AT5G15600",0,0,0,1
"AT5G15725",0,0,0,1
"AT5G15770",0,0,0,1
"AT5G15830",0,0,0,1
"AT5G15900",0,0,0,1
"AT5G15980",0,0,0,1
"AT5G16000",0,0,0,1
"AT5G16170",0,0,0,1
"AT5G16190",0,0,0,1
"AT5G16250",0,0,0,1
"AT5G16570",0,0,0,1
"AT5G16590",0,0,0,1
"AT5G16720",0,0,0,1
"AT5G16730",0,0,0,1
"AT5G17160",0,0,0,1
"AT5G17590",0,0,0,1
"AT5G17630",0,0,0,1
"AT5G17820",0,0,0,1
"AT5G18240",0,0,0,1
"AT5G18661",0,0,0,1
"AT5G18700",0,0,0,1
"AT5G18840",0,0,0,1
"AT5G18860",0,0,0,1
"AT5G18910",0,0,0,1
"AT5G18930",0,0,0,1
"AT5G19040",0,0,0,1
"AT5G19060",0,0,0,1
"AT5G19110",0,0,0,1
"AT5G19560",0,0,0,1
"AT5G19600",0,0,0,1
"AT5G19730",0,0,0,1
"AT5G19770",0,0,0,1
"AT5G19790",0,0,0,1
"AT5G19800",0,0,0,1
"AT5G19810",0,0,0,1
"AT5G19970",0,0,0,1
"AT5G20400",0,0,0,1
"AT5G20410",0,0,0,1
"AT5G20550",0,0,0,1
"AT5G20640",0,0,0,1
"AT5G20935",0,0,0,1
"AT5G21080",0,0,0,1
"AT5G21100",0,0,0,1
"AT5G21120",0,0,0,1
"AT5G21130",0,0,0,1
"AT5G22355",0,0,0,1
"AT5G22410",0,0,0,1
"AT5G22555",0,0,0,1
"AT5G22560",0,0,0,1
"AT5G22570",0,0,0,1
"AT5G22580",0,0,0,1
"AT5G22880",0,0,0,1
"AT5G22930",0,0,0,1
"AT5G22940",0,0,0,1
"AT5G23020",0,0,0,1
"AT5G23030",0,0,0,1
"AT5G23100",0,0,0,1
"AT5G23210",0,0,0,1
"AT5G23280",0,0,0,1
"AT5G23300",0,0,0,1
"AT5G23350",0,0,0,1
"AT5G23360",0,0,0,1
"AT5G23400",0,0,0,1
"AT5G23420",0,0,0,1
"AT5G23810",0,0,0,1
"AT5G23820",0,0,0,1
"AT5G23830",0,0,0,1
"AT5G23870",0,0,0,1
"AT5G23910",0,0,0,1
"AT5G23990",0,0,0,1
"AT5G24040",0,0,0,1
"AT5G24070",0,0,0,1
"AT5G24100",0,0,0,1
"AT5G24105",0,0,0,1
"AT5G24240",0,0,0,1
"AT5G24290",0,0,0,1
"AT5G24313",0,0,0,1
"AT5G24330",0,0,0,1
"AT5G24410",0,0,0,1
"AT5G24760",0,0,0,1
"AT5G24780",0,0,0,1
"AT5G24880",0,0,0,1
"AT5G24900",0,0,0,1
"AT5G24910",0,0,0,1
"AT5G25020",0,0,0,1
"AT5G25090",0,0,0,1
"AT5G25240",0,0,0,1
"AT5G25440",0,0,0,1
"AT5G25620",0,0,0,1
"AT5G26070",0,0,0,1
"AT5G26080",0,0,0,1
"AT5G26270",0,0,0,1
"AT5G26280",0,0,0,1
"AT5G26300",0,0,0,1
"AT5G26310",0,0,0,1
"AT5G26320",0,0,0,1
"AT5G26660",0,0,0,1
"AT5G26670",0,0,0,1
"AT5G26730",0,0,0,1
"AT5G26740",0,0,0,1
"AT5G26790",0,0,0,1
"AT5G26950",0,0,0,1
"AT5G27100",0,0,0,1
"AT5G27200",0,0,0,1
"AT5G27550",0,0,0,1
"AT5G27930",0,0,0,1
"AT5G28010",0,0,0,1
"AT5G28540",0,0,0,1
"AT5G28630",0,0,0,1
"AT5G28650",0,0,0,1
"AT5G28960",0,0,0,1
"AT5G35190",0,0,0,1
"AT5G35525",0,0,0,1
"AT5G35740",0,0,0,1
"AT5G35750",0,0,0,1
"AT5G35915",0,0,0,1
"AT5G35960",0,0,0,1
"AT5G36150",0,0,0,1
"AT5G36180",0,0,0,1
"AT5G36260",0,0,0,1
"AT5G36270",0,0,0,1
"AT5G36710",0,0,0,1
"AT5G36800",0,0,0,1
"AT5G36870",0,0,0,1
"AT5G37010",0,0,0,1
"AT5G37210",0,0,0,1
"AT5G37630",0,0,0,1
"AT5G37660",0,0,0,1
"AT5G37690",0,0,0,1
"AT5G38000",0,0,0,1
"AT5G38010",0,0,0,1
"AT5G38020",0,0,0,1
"AT5G38030",0,0,0,1
"AT5G38100",0,0,0,1
"AT5G38300",0,0,0,1
"AT5G38340",0,0,0,1
"AT5G38344",0,0,0,1
"AT5G38350",0,0,0,1
"AT5G38450",0,0,0,1
"AT5G38550",0,0,0,1
"AT5G38710",0,0,0,1
"AT5G38790",0,0,0,1
"AT5G38820",0,0,0,1
"AT5G38970",0,0,0,1
"AT5G39000",0,0,0,1
"AT5G39020",0,0,0,1
"AT5G39820",0,0,0,1
"AT5G39840",0,0,0,1
"AT5G39970",0,0,0,1
"AT5G40030",0,0,0,1
"AT5G40150",0,0,0,1
"AT5G40210",0,0,0,1
"AT5G40320",0,0,0,1
"AT5G40450",0,0,0,1
"AT5G40590",0,0,0,1
"AT5G40830",0,0,0,1
"AT5G40942",0,0,0,1
"AT5G40980",0,0,0,1
"AT5G41050",0,0,0,1
"AT5G41140",0,0,0,1
"AT5G41160",0,0,0,1
"AT5G41280",0,0,0,1
"AT5G41290",0,0,0,1
"AT5G41300",0,0,0,1
"AT5G41315",0,0,0,1
"AT5G41380",0,0,0,1
"AT5G41761",0,0,0,1
"AT5G42020",0,0,0,1
"AT5G42100",0,0,0,1
"AT5G42320",0,0,0,1
"AT5G42700",0,0,0,1
"AT5G42785",0,0,0,1
"AT5G42830",0,0,0,1
"AT5G42840",0,0,0,1
"AT5G43020",0,0,0,1
"AT5G43040",0,0,0,1
"AT5G43080",0,0,0,1
"AT5G43230",0,0,0,1
"AT5G43250",0,0,0,1
"AT5G43350",0,0,0,1
"AT5G43370",0,0,0,1
"AT5G43440",0,0,0,1
"AT5G43520",0,0,0,1
"AT5G43530",0,0,0,1
"AT5G44020",0,0,0,1
"AT5G44040",0,0,0,1
"AT5G44130",0,0,0,1
"AT5G44390",0,0,0,1
"AT5G44550",0,0,0,1
"AT5G44585",0,0,0,1
"AT5G44635",0,0,0,1
"AT5G44670",0,0,0,1
"AT5G44680",0,0,0,1
"AT5G44770",0,0,0,1
"AT5G45090",0,0,0,1
"AT5G45210",0,0,0,1
"AT5G45220",0,0,0,1
"AT5G45470",0,0,0,1
"AT5G45480",0,0,0,1
"AT5G45490",0,0,0,1
"AT5G45500",0,0,0,1
"AT5G45510",0,0,0,1
"AT5G45580",0,0,0,1
"AT5G45650",0,0,0,1
"AT5G45700",0,0,0,1
"AT5G45730",0,0,0,1
"AT5G45780",0,0,0,1
"AT5G45840",0,0,0,1
"AT5G46060",0,0,0,1
"AT5G46090",0,0,0,1
"AT5G46230",0,0,0,1
"AT5G46270",0,0,0,1
"AT5G46280",0,0,0,1
"AT5G46740",0,0,0,1
"AT5G46790",0,0,0,1
"AT5G46890",0,0,0,1
"AT5G46900",0,0,0,1
"AT5G47440",0,0,0,1
"AT5G47780",0,0,0,1
"AT5G48310",0,0,0,1
"AT5G48320",0,0,0,1
"AT5G48430",0,0,0,1
"AT5G48460",0,0,0,1
"AT5G48740",0,0,0,1
"AT5G48770",0,0,0,1
"AT5G48880",0,0,0,1
"AT5G49080",0,0,0,1
"AT5G49215",0,0,0,1
"AT5G49270",0,0,0,1
"AT5G49770",0,0,0,1
"AT5G49780",0,0,0,1
"AT5G49800",0,0,0,1
"AT5G49850",0,0,0,1
"AT5G49870",0,0,0,1
"AT5G49910",0,0,0,1
"AT5G50375",0,0,0,1
"AT5G50460",0,0,0,1
"AT5G50740",0,0,0,1
"AT5G50890",0,0,0,1
"AT5G50950",0,0,0,1
"AT5G51310",0,0,0,1
"AT5G51440",0,0,0,1
"AT5G51470",0,0,0,1
"AT5G51550",0,0,0,1
"AT5G51600",0,0,0,1
"AT5G51750",0,0,0,1
"AT5G51780",0,0,0,1
"AT5G51790",0,0,0,1
"AT5G51795",0,0,0,1
"AT5G52170",0,0,0,1
"AT5G52220",0,0,0,1
"AT5G52710",0,0,0,1
"AT5G52790",0,0,0,1
"AT5G52882",0,0,0,1
"AT5G52900",0,0,0,1
"AT5G52910",0,0,0,1
"AT5G53200",0,0,0,1
"AT5G53250",0,0,0,1
"AT5G53880",0,0,0,1
"AT5G54030",0,0,0,1
"AT5G54040",0,0,0,1
"AT5G54050",0,0,0,1
"AT5G54270",0,0,0,1
"AT5G54380",0,0,0,1
"AT5G54530",0,0,0,1
"AT5G54630",0,0,0,1
"AT5G54700",0,0,0,1
"AT5G54770",0,0,0,1
"AT5G54790",0,0,0,1
"AT5G54970",0,0,0,1
"AT5G55250",0,0,0,1
"AT5G55520",0,0,0,1
"AT5G55650",0,0,0,1
"AT5G55730",0,0,0,1
"AT5G55770",0,0,0,1
"AT5G55780",0,0,0,1
"AT5G55830",0,0,0,1
"AT5G56010",0,0,0,1
"AT5G56030",0,0,0,1
"AT5G56120",0,0,0,1
"AT5G56200",0,0,0,1
"AT5G56320",0,0,0,1
"AT5G56540",0,0,0,1
"AT5G56780",0,0,0,1
"AT5G56970",0,0,0,1
"AT5G57070",0,0,0,1
"AT5G57150",0,0,0,1
"AT5G57530",0,0,0,1
"AT5G57540",0,0,0,1
"AT5G57625",0,0,0,1
"AT5G57700",0,0,0,1
"AT5G57980",0,0,0,1
"AT5G58280",0,0,0,1
"AT5G58300",0,0,0,1
"AT5G58360",0,0,0,1
"AT5G58750",0,0,0,1
"AT5G58784",0,0,0,1
"AT5G58860",0,0,0,1
"AT5G59010",0,0,0,1
"AT5G59090",0,0,0,1
"AT5G59150",0,0,0,1
"AT5G59270",0,0,0,1
"AT5G59360",0,0,0,1
"AT5G59520",0,0,0,1
"AT5G59600",0,0,0,1
"AT5G59680",0,0,0,1
"AT5G59780",0,0,0,1
"AT5G59870",0,0,0,1
"AT5G60150",0,0,0,1
"AT5G60280",0,0,0,1
"AT5G60300",0,0,0,1
"AT5G60520",0,0,0,1
"AT5G60660",0,0,0,1
"AT5G60730",0,0,0,1
"AT5G60770",0,0,0,1
"AT5G60900",0,0,0,1
"AT5G60930",0,0,0,1
"AT5G61000",0,0,0,1
"AT5G61030",0,0,0,1
"AT5G61200",0,0,0,1
"AT5G61250",0,0,0,1
"AT5G61290",0,0,0,1
"AT5G61350",0,0,0,1
"AT5G61420",0,0,0,1
"AT5G61440",0,0,0,1
"AT5G61480",0,0,0,1
"AT5G61570",0,0,0,1
"AT5G61590",0,0,0,1
"AT5G61790",0,0,0,1
"AT5G62170",0,0,0,1
"AT5G62210",0,0,0,1
"AT5G62280",0,0,0,1
"AT5G62340",0,0,0,1
"AT5G62370",0,0,0,1
"AT5G62550",0,0,0,1
"AT5G62720",0,0,0,1
"AT5G62820",0,0,0,1
"AT5G63270",0,0,0,1
"AT5G63410",0,0,0,1
"AT5G63560",0,0,0,1
"AT5G63595",0,0,0,1
"AT5G63700",0,0,0,1
"AT5G63800",0,0,0,1
"AT5G63850",0,0,0,1
"AT5G64000",0,0,0,1
"AT5G64100",0,0,0,1
"AT5G64110",0,0,0,1
"AT5G64120",0,0,0,1
"AT5G64510",0,0,0,1
"AT5G64700",0,0,0,1
"AT5G65090",0,0,0,1
"AT5G65340",0,0,0,1
"AT5G65390",0,0,0,1
"AT5G65450",0,0,0,1
"AT5G65690",0,0,0,1
"AT5G65800",0,0,0,1
"AT5G65810",0,0,0,1
"AT5G65970",0,0,0,1
"AT5G65980",0,0,0,1
"AT5G66000",0,0,0,1
"AT5G66052",0,0,0,1
"AT5G66230",0,0,0,1
"AT5G66330",0,0,0,1
"AT5G66490",0,0,0,1
"AT5G66580",0,0,0,1
"AT5G66590",0,0,0,1
"AT5G66815",0,0,0,1
"AT5G66985",0,0,0,1
"AT5G67270",0,0,0,1
"AT5G67390",0,0,0,1
"AT5G67400",0,0,0,1
"AT5G67450",0,0,0,1
"AT5G67620",0,0,0,1
"ATCG00040",0,0,0,1
