"GO_ID","Gene_Count","TERM","K_total","pvalue","padj_BH","log10padj","GeneRatio","Category"
"GO:0071456",31,"cellular response to hypoxia",230,9.71172191447974e-23,1.91320921715251e-20,19.7182375355207,0.114814814814815,"Downregulated"
"GO:0009061",10,"anaerobic respiration",18,4.03372712598253e-15,3.97322121909279e-13,12.400857253833,0.037037037037037,"Downregulated"
"GO:0001666",13,"response to hypoxia",46,1.31070509266846e-14,8.60696344185625e-13,12.0651500416996,0.0481481481481481,"Downregulated"
"GO:0006552",5,"L-leucine catabolic process",11,1.44317420496267e-07,7.10763295944114e-06,5.14827500740094,0.0185185185185185,"Downregulated"
"GO:0009646",6,"response to absence of light",46,2.54927905280594e-05,0.00100441594680554,2.99808640074339,0.0222222222222222,"Downregulated"
"GO:0009083",3,"branched-chain amino acid catabolic process",10,0.000233494266853943,0.0076663950950378,2.11540880272148,0.0111111111111111,"Downregulated"
"GO:0034755",3,"iron ion transmembrane transport",12,0.000420011701368355,0.011820329309938,1.92737042400496,0.0111111111111111,"Downregulated"
"GO:0045910",3,"negative regulation of DNA recombination",13,0.000540854492055364,0.0133185418668633,1.87554331974822,0.0111111111111111,"Downregulated"
"GO:0045088",4,"regulation of innate immune response",31,0.000631405367312576,0.013820761928953,1.85946801395035,0.0148148148148148,"Downregulated"
"GO:0005985",3,"sucrose metabolic process",20,0.00201753584512587,0.0397454561489796,1.40071251435901,0.0111111111111111,"Downregulated"
"GO:0005992",3,"trehalose biosynthetic process",21,0.0023316557144208,0.0417578341582633,1.37926203485033,0.0111111111111111,"Downregulated"
"GO:0000122",3,"negative regulation of transcription by RNA polymerase II",31,0.00717217570737113,0.0941945742901409,1.02597411232087,0.0111111111111111,"Downregulated"
"GO:0006952",9,"defense response",257,0.00609152539805802,0.0941945742901409,1.02597411232087,0.0333333333333333,"Downregulated"
"GO:0009611",8,"response to wounding",216,0.00687636308222964,0.0941945742901409,1.02597411232087,0.0296296296296296,"Downregulated"
"GO:0090548",2,"response to nitrate starvation",10,0.0068766812899164,0.0941945742901409,1.02597411232087,0.00740740740740741,"Downregulated"
"GO:0000162",3,"L-tryptophan biosynthetic process",37,0.0117202064569067,0.115159856005143,0.938698886831564,0.0111111111111111,"Downregulated"
"GO:0006032",2,"chitin catabolic process",14,0.0134450593305497,0.115159856005143,0.938698886831564,0.00740740740740741,"Downregulated"
"GO:0006865",2,"amino acid transport",14,0.0134450593305497,0.115159856005143,0.938698886831564,0.00740740740740741,"Downregulated"
"GO:0006979",8,"response to oxidative stress",236,0.0113798904338716,0.115159856005143,0.938698886831564,0.0296296296296296,"Downregulated"
"GO:0009744",4,"response to sucrose",65,0.00968017542500831,0.115159856005143,0.938698886831564,0.0148148148148148,"Downregulated"
