"KEGG_Pathway","Gene_Count","K_total","pvalue","padj_BH","log10padj","GeneRatio","Direction","Pathway_Name"
"00906",10,23,1.20506192471646e-05,0.00108455573224482,2.96474812591398,0.00460193281178095,"Upregulated","Carotenoid biosynthesis"
"04075",36,200,3.73769344516096e-05,0.00168196205032243,2.77418380730237,0.0165669581224114,"Upregulated","Plant hormone signal transduction"
"00561",8,35,0.0104652914988585,0.302673002270426,0.519026315376041,0.00368154624942476,"Upregulated","Glycerolipid metabolism"
"00903",10,51,0.0134521334342412,0.302673002270426,0.519026315376041,0.00460193281178095,"Upregulated","Phenylpropanoid biosynthesis"
"00940",15,93,0.0174157590803558,0.313483663446405,0.503785086603421,0.00690289921767142,"Upregulated","Stilbenoid, diarylheptanoid and gingerol biosynthesis"
"00945",9,48,0.0244124830400465,0.313874781943454,0.503243575993995,0.00414173953060285,"Upregulated","Biosynthesis of secondary metabolites"
"01110",80,717,0.0218784938682642,0.313874781943454,0.503243575993995,0.0368154624942476,"Upregulated","Ascorbate and aldarate metabolism"
"00053",6,32,0.0607136615151534,0.543581880922118,0.264735027926828,0.00276115968706857,"Upregulated","Fatty acid degradation"
"00071",7,38,0.0484098377706326,0.543581880922118,0.264735027926828,0.00322135296824666,"Upregulated","Phenylalanine metabolism"
"00360",12,82,0.0594588144086695,0.543581880922118,0.264735027926828,0.00552231937413714,"Upregulated","00360"
"00460",5,25,0.0664377854460366,0.543581880922118,0.264735027926828,0.00230096640589047,"Upregulated","Cyanoamino acid metabolism"
"00052",6,37,0.10729905729132,0.624997578244147,0.20412166546751,0.00276115968706857,"Upregulated","Galactose metabolism"
"00280",7,44,0.0929912314069365,0.624997578244147,0.20412166546751,0.00322135296824666,"Upregulated","Valine, leucine and isoleucine degradation"
"00380",6,35,0.086904847366765,0.624997578244147,0.20412166546751,0.00276115968706857,"Upregulated","Tryptophan metabolism"
"00500",13,99,0.10165604854031,0.624997578244147,0.20412166546751,0.00598251265531523,"Upregulated","Starch and sucrose metabolism"
"00940",33,93,1.12275787256302e-10,8.75751140599154e-09,8.05761928837442,0.0129158512720157,"Downregulated","Phenylpropanoid biosynthesis"
"00360",29,82,1.62589532902448e-09,6.34099178319548e-08,7.19784280958156,0.0113502935420744,"Downregulated","Phenylalanine metabolism"
"00966",9,16,8.7108920844293e-06,0.000226483194195162,3.6449640185478,0.00352250489236791,"Downregulated","Glucosinolate biosynthesis"
"00100",9,27,0.00122184617575057,0.0238260004271361,1.62294885476674,0.00352250489236791,"Downregulated","Steroid biosynthesis"
"01110",98,717,0.00380430195707958,0.0593471105304414,1.22660042095931,0.0383561643835616,"Downregulated","Biosynthesis of secondary metabolites"
"00908",6,17,0.00589722253304906,0.0766638929296378,1.11540913140395,0.00234833659491194,"Downregulated","Zeatin biosynthesis"
"04075",28,200,0.0695626999426683,0.775127227932589,0.110627007359311,0.010958904109589,"Downregulated","Plant hormone signal transduction"
"00010",5,98,0.980878319439876,0.999999980894149,8.29756593887856e-09,0.00195694716242661,"Downregulated","Glycolysis / Gluconeogenesis"
"00020",2,57,0.986198537245748,0.999999980894149,8.29756593887856e-09,0.000782778864970646,"Downregulated","Citrate cycle (TCA cycle)"
"00030",4,50,0.783561766615867,0.999999980894149,8.29756593887856e-09,0.00156555772994129,"Downregulated","Pentose phosphate pathway"
"00040",7,43,0.159117544631513,0.999999980894149,8.29756593887856e-09,0.00273972602739726,"Downregulated","Pentose and glucuronate interconversions"
"00051",1,45,0.993201997327615,0.999999980894149,8.29756593887856e-09,0.000391389432485323,"Downregulated","Fructose and mannose metabolism"
"00052",2,37,0.911728994543358,0.999999980894149,8.29756593887856e-09,0.000782778864970646,"Downregulated","Galactose metabolism"
"00053",4,32,0.436391351030053,0.999999980894149,8.29756593887856e-09,0.00156555772994129,"Downregulated","Ascorbate and aldarate metabolism"
"00061",3,27,0.549161226983269,0.999999980894149,8.29756593887856e-09,0.00117416829745597,"Downregulated","Fatty acid biosynthesis"
